Colonne1;Association;Contact;Longitude;Latitude;Icon;Adresse;Téléphone;Mail;Lien
0;Association Halte Pouce;Siège de l'association                                                 04 67 40 31 12 <br>21 Rue Jean Giroux <br>34080 Montpellier <br>Bâtiment des PEP34, quartier Malbosc;3.827752;43.6385499;#icon-1502-DB4436;21 Rue Jean Giroux, 34080 Montpellier ;04 67 40 31 12;;
1;ALSH associatif UFOLEP Ovalie (maternel & élémentaire);Directrice Pascaline MARGAILLAN 06.89.71.64.55                                                    École primaire Olympe de Gouge<br>1375 rue de Bugarel<br>04 67 67 41 63;3.8459424;43.5909137;#icon-1502-FF5252;1375 rue de Bugarel, 34070 Montpellier;04 67 67 41 63;;
2;ALSH associatif UFOLEP Grisettes (maternel & élémentaire);Direct. America LOE A FOOK  07.82.24.92.57        École primaire Beethoven<br>280 rue du Mas Nouguier<br>04 67 67 41 63;3.8563229;43.5842791;#icon-1502-FF5252;280 rue du Mas Nouguier, 34070 Montpellier;04 67 67 41 63;;
3;ALSH associatif UFOLEP Voltaire (élémentaire);École Voltaire                                                              157 rue Henri Sellier                                                04 67 67 41 63;3.8632524;43.5951802;#icon-1899-FF5252;157 rue Henri Sellier, 34000 Montpellier;04 67 67 41 63;;
4;ALSH associatif UFOLEP Kipling (maternel);Directrice Camille CROUZET 06.80.44.75.88<br>École Kipling<br>311 avenue de Saint Clément<br>04 67 67 41 63;3.8452348;43.6162952;#icon-1502-FF5252;311 avenue de Saint Clément, 34000 Montpellier;04 67 67 41 63;;
5;ALSH associatif UFOLEP Pagnol (maternel);École Pagnol<br>305 rue Georges Brassens<br>04 67 67 41 63;3.8653889;43.5940222;#icon-1899-FF5252;305 rue Georges Brassens, 34000 Montpellier;04 67 67 41 63;;
6;ALSH associatif UFOLEP Baudelaire (élémentaire);Directrice Camille CROUZET 06.80.44.75.88<br>École Baudelaire<br>311 avenue de Saint Clément<br>04 67 67 41 63;3.8459483;43.616571;#icon-1502-FF5252;311 avenue de Saint Clément, 34000 Montpellier;04 67 67 41 63;;
7;ALSH associatif MUC Vacances (maternel et élémentaire);Directrice Astrid 06.89.10.29.06                    Écoles Chaplin / Pottier-Sibelius<br>120 rue de la Jalade<br>04 99 58 35 36;3.8644567;43.6266316;#icon-1502-0F9D58;120 rue de la Jalade, 34090 Montpellier;04 99 58 35 36;;
8;ALSH associatif MUC Vacances;Directeur ???                                                             École maternelle Bernhardt<br>175 rue Villalonga<br>04 99 58 35 36;3.9077739;43.6119843;#icon-1502-0F9D58;175 rue Villalonga, 34000 Montpellier;04 99 58 35 36;;
9;ALSH associatif le Relais des enfants (maternel);École maternelle Pasteur<br>15 rue Saint Sépulcre<br>04 67 66 21 30;3.8733869;43.6093354;#icon-1502-757575;15 rue Saint Sépulcre, 34000 Montpellier;04 67 66 21 30;;
10;ALSH associatif le Relais des enfants (maternel);École maternelle Rousseau<br>21 rue d’Aigrefeuille<br>04 67 66 21 30;3.8759052;43.6124192;#icon-1502-757575;21 rue d’Aigrefeuille, 34062 Montpellier;04 67 66 21 30;;
11;ALSH associatif le Relais des enfants (élémentaire);(local de l'association)<br>1 rue Embouque d’Or<br>04 67 66 21 30;3.8788543;43.6108096;#icon-1502-757575;1 rue Embouque d’Or, 34000 Montpellier;04 67 66 21 30;;
12;ALSH associatif Vacances évasion (maternel);École Goethe<br>3 rue des Coronilles<br>04 99 13 71 10;3.8534272;43.6110296;#icon-1502-F57C00;3 rue des Coronilles, 34000 Montpellier;04 99 13 71 10;;
13;ALSH associatif Vacances évasion (élémentaire);École Langevin<br>5 rue de Clémentville<br>04 99 13 71 10;3.8541292;43.6108174;#icon-1502-F57C00;5 rue de Clémentville, 34000 Montpellier;04 99 13 71 10;;
14;ALSH associatif Vacances évasion (élémentaire);Ecole Jean Jaures                                                        10 chemin des Barques<br>04 99 13 71 10;3.8943939;43.6043746;#icon-1899-F57C00;10 chemin des Barques, 34000 Montpellier;04 99 13 71 10;;
15;ALSH associatif Vacances évasion (maternel & élémentaire);Directeur ???                           06 40 42 18 62          Ecole Andrée COSSO, rue du 8 Mai 1945;3.9758812;43.655436;#icon-1899-F57C00;rue du 8 Mai 1945, 34740 Vendargues;06 40 42 18 62;;
16;ALSH associatif Vacances évasion (maternel & élémentaire);Directrice Eloïse Fernandez 06 40 42 18 78        04 99 13 7 10 www.vaceva.com                        Salle F.Dolto,  place des écoles;3.9118299;43.6551585;#icon-1899-F57C00;place des écoles, 34830 Jacou;04 99 13 7 10;;www.vaceva.com
17;ALSH associatif Vacances évasion (maternel);Écoles Florian<br>49 rue de la Méditerranée<br>04 99 13 71 10;3.8864529;43.6047984;#icon-1899-F57C00;49 rue de la Méditerranée, 34000 Montpellier;04 99 13 71 10;;
18;ALSH associatif Vacances évasion (élémentaire);Écoles Simon<br>45 rue de la Méditerranée<br>04 99 13 71 10;3.8857432;43.6049883;#icon-1899-F57C00;45 rue de la Méditerranée, 34000 Montpellier;04 99 13 71 10;;
19;ALSH associatif Vacances évasion (maternel);Écoles Mozart (directeur Jacques KAUFMAN 06.52.13.97.79)<br>60 avenue d'Assas<br>04 99 13 71 10;3.861621;43.6169515;#icon-1502-F57C00;60 avenue d'Assas, 34000 Montpellier;04 99 13 71 10;;
20;ALSH associatif Vacances évasion (élémentaire);Ecole De Gaulle                                                           10 chemin des Barques<br>04 99 13 71 10;3.8941418;43.6043513;#icon-1899-F57C00;10 chemin des Barques, 34000 Montpellier;04 99 13 71 10;;
21;ALSH associatif Vacances évasion (élémentaire);Ecole Morisot (directeur Jacques KAUFMAN 06.52.13.97.79)                                                      60 avenue d'Assas<br>04 99 13 71 10;3.8620823;43.6165651;#icon-1502-F57C00;60 avenue d'Assas, 34000 Montpellier;04 99 13 71 10;;
22;ALSH associatif la Gerbe (élémentaire);Ecole Marie Curie<br>19 rue Chaptal<br>04 99 74 24 30;3.8695994;43.6060055;#icon-1899-817717;19 rue Chaptal, 34000 Montpellier;04 99 74 24 30;;
23;ALSH associatif les Francas (maternel);Directrice Mylène DEROCHE au 06.29.52.29.36 mderoche@francas34.frÉcoles Renaud <br>123 rue de Salamanque <br>06 51 87 47 99;3.8183917;43.6238108;#icon-1502-9C27B0;123 rue de Salamanque, 34000 Montpellier;06 51 87 47 99;mderoche@francas34.fr;
24;ALSH municipal Sun Yat Sen (élémentaire);Ecole Sun Yat Sen                                                 843 rue de la Croix de Figuerolles<br>06 51 87 47 99;3.8439558;43.6043949;#icon-1502-0288D1;843 rue de la Croix de Figuerolles, 34000 Montpellier;06 51 87 47 99;;
25;ALSH associatif les Francas (élémentaire);Directrice Mylène DEROCHE au 06.29.52.29.36  mderoche@francas34.fr                                     Ecole élémentaire Balard  360 avenue de Barcelone 06 51 87 47 99;3.8180502;43.6235447;#icon-1502-9C27B0;360 avenue de Barcelone, 34000 Montpellier;06 51 87 47 99;mderoche@francas34.fr;
26;ALSH municipal Maria Callas (maternel);Ecole Maria Callas                                                  803  rue de la Croix de Figuerolles<br>06 51 87 47 99;3.8446539;43.6043417;#icon-1502-0288D1;803  rue de la Croix de Figuerolles, 34000 Montpellier;06 51 87 47 99;;
27;ALSH associatif les Francas (maternel & élémentaire);Directrice Sophie LESCURE pour tous renseignements au 06.24.82.89.40;3.675142;43.626152;#icon-1899-9C27B0;;06 24 82 89 40;;
28;ALSH associatif les Francas (maternel & élémentaire);???;3.673969;43.697624;#icon-1899-9C27B0;;;;
29;ALSH associatif GFEN Languedoc (élémentaire);Dans école Louisville                                         (local de l'association)<br>320 rue Le Grand Mail<br>09 50 07 12 44;3.8154992;43.625273;#icon-1899-1A237E;320 rue Le Grand Mail, 34000 Montpellier;09 50 07 12 44;;
30;ALSH associatif GFEN Languedoc (élémentaire);dans école Heidelberg                                                 (local de l'association<br>320 rue Le Grand Mail<br>09 50 07 12 44);3.8139937;43.6251385;#icon-1899-1A237E;320 rue Le Grand Mail, 34000 Montpellier;09 50 07 12 44);;
31;ALSH associatif PEP 34 (maternel et élémentaire);École maternelle Yourcenar<br>71 rue Jean Joseph Laborde<br>04 67 40 73 00;3.8309744;43.6341324;#icon-1899-AFB42B;71 rue Jean Joseph Laborde, 34000 Montpellier;04 67 40 73 00;;
32;ALSH associatif ACLE (élémentaire);École élémentaire Daubié<br>183 allée de l'aqueduc<br>09 65 30 94 83;3.8423608;43.6196178;#icon-1899-FFEA00;183 allée de l'aqueduc, 34087 Montpellier;09 65 30 94 83;;
33;ALSH associatif ACLE (maternel);École maternelle Madeleine Brès<br>183 allée de l'aqueduc<br>09 65 30 94 83;3.842275;43.6197421;#icon-1899-FFEA00;183 allée de l'aqueduc, 34087 Montpellier;09 65 30 94 83;;
34;ALSH associatif Passe-muraille;Directrice Laure GUIRAL 06 78 12 96 89 alshvailhauques@lepassemuraille.org;3.717852;43.6711861;#icon-1899-4E342E;;06 78 12 96 89;alshvailhauques@lepassemuraille.org;
35;ALSH associatif Passe-muraille (maternel & élémentaire);Adresse ???                                                              06 70 49 33 37 (Stéphanie Cangiano)<br>alshsaintmartindelondres@lepassemuraille.org;3.732024;43.791551;#icon-1899-4E342E;;06 70 49 33 37;alshsaintmartindelondres@lepassemuraille.org;
36;ALSH associatif Loisirs de La Salle (maternel & élémentaire);Directeur ??? 04 67 02 76 84<br>Ecole primaire de La Salle<br>Rue Lunaret<br>34000 MONTPELLIER<br>Tél : 07.87.11.64.69;3.8820108;43.6195802;#icon-1899-E65100;Rue Lunaret, 34000 MONTPELLIER;04 67 02 76 84;;
37;ALSH associatif Les Enfants d’Hélène (maternel et élémentaire);École primaire Mitterrand<br>1330 rue Henri Lagattu<br>04 99 74 72 80;3.8320799;43.6299818;#icon-1502-795548;1330 rue Henri Lagattu, 34000 Montpellier;04 99 74 72 80;;
38;ALSH associatif Léo Lagrange;6 rue Jules Ferry école primaire<br>34110 MIREVAL<br><br>Tél: 04.67.74.94.21<br> 06.12.83.22.02<br>Email : leolagrange.mireval@orange.fr;3.7995871;43.5065668;#icon-1899-FBC02D;6 rue Jules Ferry école primaire, 34110 MIREVAL;04 67 74 94 21;leolagrange.mireval@orange.fr;
39;ALSH associatif Éveil en Mouvement (maternel et élémentaire);Directrice SARRAIL Lisa 06.34.45.61.72       Écoles Térésa / Ferry<br>Rue Antoine Laurent de Jussieu;3.8738226;43.6364508;#icon-1899-A52714;Rue Antoine Laurent de Jussieu, 34000 Montpellier;06 34 45 61 72;;
40;ALSH associatif Loisirs-Education et Citoyenneté Grand sud (maternel);Directeur ???              04 67 55 17 03 -          lesloulousdupic@loisireduc.org                         allée de l'espérance;3.8682537;43.7740495;#icon-1899-BDBDBD;allée de l'espérance, 34270 Saint-Mathieu-de-Tréviers;04 67 55 17 03;lesloulousdupic@loisireduc.org;
41;ALSH municipal Aiguelongue (maternel et élémentaire);Écoles Camoens / Freud<br>2 rue des Tourterelles<br>06 17 90 63 81;3.8793731;43.6260802;#icon-1502-0288D1;2 rue des , 34000 Montpellier;06 17 90 63 81;;
42;ALSH municipal les Tours (maternel);Écoles Copernic<br>Rue Pierre Nicolas<br>06 17 90 60 33;3.8126265;43.639726;#icon-1899-0288D1;Rue Pierre Nicolas, 34000 Montpellier;06 17 90 60 33;;
43;ALSH municipal les Tours (élémentaire);École Bloch<br>135 allée des Hauts de Massane<br>06 17 90 60 33;3.8201086;43.6399432;#icon-1899-0288D1;135 allée des Hauts de Massane, 34000 Montpellier;06 17 90 60 33;;
44;ALSH municipal Oxford (maternel);Magali NEGRE  06 17 90 60 97;3.8190497;43.6273018;#icon-1502-0288D1;;06 17 90 60 97;;
45;ALSH municipal Oxford (élémentaire);Magali NEGRE  06 17 90 60 97                           Écoles Roosevelt, 25 rue de Lausanne 06 17 90 60 97;3.8195928;43.6273968;#icon-1502-0288D1;25 rue de Lausanne, 34000 Montpellier;06 17 90 60 97;;
46;ALSH municipal Malet (élémentaire);École élémentaire Malet<br>5 allée Pierre Carabasse<br>06 17 90 64 41;3.8318149;43.6126741;#icon-1502-9C27B0;5 allée Pierre Carabasse, 34080 Montpellier;06 17 90 64 41;;
47;ALSH municipal Carpantier (maternel);École maternelle Carpantier<br>12 rue des Écoles<br>06 17 90 71 27;3.8277249;43.6136853;#icon-1502-9C27B0;12 rue des Écoles, 34000 Montpellier;06 17 90 71 27;;
48;ALSH municipal la Martelle (maternel);Écoles Spinoza<br>88 rue Viollet le Duc<br>06 17 90 70 19;3.8366795;43.6086738;#icon-1502-0288D1;88 rue Viollet le Duc, 34000 Montpellier;06 17 90 70 19;;
49;ALSH municipal la Martelle (élémentaire);École Deroin<br>110 rue Viollet le Duc<br>06 17 90 70 19;3.8378976;43.6084372;#icon-1502-0288D1;110 rue Viollet le Duc, 34000 Montpellier;06 17 90 70 19;;
50;ALSH municipal Michelet (maternel);École maternelle Jules Michelet<br>Rue des Araucarias<br>06 17 90 68 30;3.8385227;43.6156312;#icon-1502-0288D1;Rue des Araucarias, 34000 Montpellier;06 17 90 68 30;;
51;ALSH municipal Villon (élémentaire);École élémentaire Joseph Delteil<br>Rue des Araucarias<br>06 17 90 67 99;3.8385173;43.6156293;#icon-1502-0288D1;Rue des Araucarias, 34000 Montpellier;06 17 90 67 99;;
52;ALSH municipal Combes (maternel);Directrice Armelle MOINES                                    (bureau MPT Paul Emile Victor)                         Ecole maternelle Victor Duruy                                (Bureau 20 rue Edmond Lautard)                         06 17 90 69 12;3.8406951;43.6228685;#icon-1502-0288D1;20 rue Edmond Lautard, 34000 Montpellier;06 17 90 69 12;;
53;ALSH municipal Combes (élémentaire);Directrice Armelle MOINES                                   (bureau MPT Paul Emile Victor)                          Ecole Combes<br>20 rue Edmond Lautard<br>06 17 90 69 12;3.8404288;43.623094;#icon-1502-0288D1;20 rue Edmond Lautard, 34000 Montpellier;06 17 90 69 12;;
54;ALSH municipal Vernes (élémentaire);École élémentaire Verne<br>127 rue Yehudi Menuhin<br>06 17 90 65 34;3.8839626;43.6173554;#icon-1502-0288D1;127 rue Yehudi Menuhin, 34000 Montpellier;06 17 90 65 34;;
55;ALSH municipal la Fontaine (maternel);École maternelle La Fontaine<br>27 quai des Tanneurs<br>06 17 90 67 64;3.8781024;43.6155857;#icon-1899-0288D1;27 quai des Tanneurs, 34090 Montpellier;06 17 90 67 64;;
56;ALSH municipal Roux (maternel & élémentaire);École maternelle Roux<br>96 rue du Faubourg Figuerolles<br>06 17 90 62 65;3.8623796;43.6059136;#icon-1899-0288D1;96 rue du Faubourg Figuerolles, 34000 Montpellier;06 17 90 62 65;;
57;ALSH municipal Lantissargues (maternel & élémentaire);École élémentaire Simenon<br>215 boulevard Pédro de Luna<br>06 17 44 58 78;3.8708123;43.5948815;#icon-1502-0288D1;215 boulevard Pédro de Luna, 34000 Montpellier;06 17 44 58 78;;
58;ALSH municipal Estanove (maternel & élémentaire);École primaire Churchill<br>Rue du Lavandin<br>06 17 90 62 24;3.8547426;43.5997186;#icon-1899-0288D1;Rue du Lavandin, 34000 Montpellier;06 17 90 62 24;;
59;ALSH municipal Savary (élémentaire);École Savary<br>240 quai Flora Tristan<br>06 17 90 64 84;3.8392168;43.5967226;#icon-1502-0288D1;240 quai Flora Tristan, 34070 Montpellier;06 17 90 64 84;;
60;ALSH municipal Boucher (maternel);Écoles Boucher<br>240 quai Flora Tristan<br>06 17 90 64 84;3.8399142;43.5964545;#icon-1502-0288D1;240 quai Flora Tristan, 34070 Montpellier;06 17 90 64 84;;
61;ALSH municipal les Aiguerelles (élémentaire);Directeur ???                                                            École Dickens<br>686 avenue du Pont Trinquat<br>06 17 90 69 63;3.8918833;43.5977947;#icon-1899-0288D1;686 avenue du Pont Trinquat, 34000 Montpellier;06 17 90 69 63;;
62;ALSH municipal les Aiguerelles (maternel);Directeur ???                                                        École Anne Frank<br>686 avenue du Pont Trinquat<br>06 17 90 69 63;3.8918833;43.5977947;#icon-1899-0288D1;686 avenue du Pont Trinquat, 34000 Montpellier;06 17 90 69 63;;
63;ALSH municipal Cité Mion (élémentaire);Directeur ???                                                     Écoles Brel<br>Impasse des Marmousets<br>06 17 90 61 09;3.8818933;43.5982043;#icon-1899-0288D1;Impasse des Marmousets, 34060 Montpellier;06 17 90 61 09;;
64;ALSH municipal Cité Mion (maternel);Directeur ???                                                        École Signoret<br>Impasse des Marmousets<br>06 17 90 61 09;3.8821491;43.5985236;#icon-1899-0288D1;Impasse des Marmousets, 34060 Montpellier;06 17 90 61 09;;
65;ALSH municipal Malraux (maternel & élémentaire);Directrice Julia FERRY 04.67.20.35.53                                                    Groupe scolaire Malraux<br>Rue Joan Miro/ rue du mas rouge<br>06 17 90 64 49 ou 06 17 90 65 13;3.9076084;43.6021215;#icon-1502-0288D1;Rue Joan Miro, 34000 Montpellier;04 67 20 35 53;;
66;ALSH municipal Astérix (maternel & élémentaire);Directeur ???                                                    Domaine de Grammont<br>Avenue Albert Einstein<br>06 77 76 58 26;3.9309275;43.6152155;#icon-1502-0288D1;Avenue Albert Einstein, 34000 Montpellier;06 77 76 58 26;;
67;ALSH municipal Jean Moulin (élémentaire);Directrice Rizlene                                                   École Moulin<br>20 boulevard Mounié<br>06 17 90 60 67                              rizlene.kebdani@ville-montpellier.fr;3.8913425;43.6187042;#icon-1502-0288D1;;06 17 90 60 67;rizlene.kebdani@ville-montpellier.fr;
68;ALSH municipal Bergman (maternel);Directeur ???                                                         Écoles Moulin / Bergman<br>20 boulevard Mounié<br>06 17 90 60 67;3.8909215;43.6190517;#icon-1502-0288D1;20 boulevard Mounié, 34000 Montpellier;06 17 90 60 67;;
69;ALSH municipal Juvignac;Directeur Phong-Nguyen LÊ    06.80.43.52.17         Groupe scolaire Nelson Mandela                        20 rue Neptune;3.8070538;43.6211171;#icon-1899-0288D1;20 rue Neptune, 34990 Juvignac;06 80 43 52 17;;
70;ALSH municipal la maison des enfants;Directrice Caroline DOUZAL 06.11.83.01.37    Ecole Jules Ferry                                                       2 rue des écoles;3.9284476;43.6830889;#icon-1899-0288D1;2 rue des écoles, 34820 Teyran;06 11 83 01 37;;
71;ALSH municipal Prades-le-lez;Directeur Maxime RICHARD 04.67.06.59.96     205 chemin des mazes;3.8667802;43.7006642;#icon-1899-0288D1;205 chemin des mazes, 34730 Prades-le-Lez;04 67 06 59 96;;
72;ALSH municipal Montferrier (maternel & élémentaire);Agnès Avinens 04.67.59.54.99 ou 06.87.60.97.42  esj.m@wanadoo.fr                                4 impasse du chateau;3.861002;43.666682;#icon-1899-0288D1;4 impasse du château, 34980 Montferrier-sur-Lez;04 67 59 54 99 ;esj.m@wanadoo.fr;
73;ALSH municipal Clapiers (maternel);Directrice ???                                                           ecole maternelle Olympe de Gouges                      <br>151 Rue Jean Moulin, 34830 Clapiers;3.888072;43.6551936;#icon-1899-0288D1;151 Rue Jean Moulin, 34830 Clapiers;;;
74;ALSH municipal Clapiers (élémentaire);Annexe école Victor Hugo                                           Rue du bosc, 34830 Clapiers;3.8875469;43.6583432;#icon-1899-0288D1;Rue du bosc, 34830 Clapiers;;;
75;ALSH municpal Le Crès (maternel & élémentaire);Directeur ??? 04 67 41 95 49  ou  04 67 52 71 22   28 avenue des Cevennes 34920 LE CRES.;3.9412096;43.6475406;#icon-1899-0288D1;28 avenue des Cevennes, 34920 LE CRES;04 67 41 95 49  ;;
76;ALSH municipal Castelnau-le-Lez (maternel & élémentaire);Directeur Marie-Pierre ALINAT 04.67.14.27.92       213 Chemin des Mendrous, 34170 Castelnau-le-Lez;3.9147117;43.6367029;#icon-1899-0288D1;213 Chemin des Mendrous, 34170 Castelnau-le-Lez;04 67 14 27 92;;
77;ALSH municipal Saint Aunès;Directeur Ugo Bianchin                                                Place de l' escolette;3.9652054;43.6366785;#icon-1899-0288D1;Place de l' escolette, 34130 Saint-Aunès;;;
78;ALSH intercommunal Castries (maternel & élmentaire);SIVOM  Castries-Beaulieu-Restinclières-Sussargues-St Genies                                        ALSH de Fondespierre                                         Domaine de Fondespierre<br>Route de Fontmarie - 34160 CASTRIES<br>Tél. : 04 67 87 30 15 ;3.9936403;43.6945671;#icon-1899-0288D1;Route de Fontmarie, 34160 CASTRIES;04 67 87 30 15;;
79;ALSH municipal Saint Georges d'orques (maternel);Directrice Mélanie VERRET                                          04 67 40 57 12 ou  06 20 18 73 10  alsh.maternel@ville-st-georges-dorques.fr             2 avenue d'Occitanie<br>Maison de la petite enfance Françoise Dolto;3.7875222;43.6084717;#icon-1899-0288D1;2 avenue d'Occitanie, 34680 Saint-Georges-d'Orques;04 67 40 57 12;alsh.maternel@ville-st-georges-dorques.fr;
80;ALSH municipal Saint Georges d'orques (élémentaire);Xavier MEROU<br>04 67 45 59 47 ou 06 22 67 39 44<br>clsh.primaire@ville-st-georges-dorques.fr              avenue des Jardins;3.7830133;43.6088205;#icon-1899-0288D1;avenue des Jardins, 34680 Saint-Georges-d'Orques;04 67 45 59 47;clsh.primaire@ville-st-georges-dorques.fr;
81;ALSH municipal Saint Gély du Fesc (maternel & élémentaire);Directrice Alexandra Rey / Isabelle FABRE          04 67 66 64 88<br>06 71 67 21 78                                                              mairie.alshlesgalopins@saintgelydufesc.com Écoles Valène et Rompude, 70 rue Rompude;3.8004523;43.6948565;#icon-1899-0288D1;70 rue Rompude, 34980 Saint-Gély-du-Fesc;04 67 66 64 88;mairie.alshlesgalopins@saintgelydufesc.com;
82;ALSH municipal Saint Clément de rivière (élémentaire);Directeur ???            04.67.84.49.60                           clsh@saint-clement-de-riviere.fr                             sentier du bélier;3.8490193;43.6858576;#icon-1899-0288D1;;04.67.84.49.60;clsh@saint-clement-de-riviere.fr;
83;ALSH municipal Saint Jean de védas (maternel & élémentaire);Directeur ??? 04 99 52 20 62                                  rue de la combe;3.8249872;43.566999;#icon-1899-0288D1;rue de la combe, 34430 Saint-Jean-de-Védas;04 99 52 20 62;;
84;ALSH municipal Lavérune (maternel & élémentaire);Directeurs Aline TOFHA, Olivier DELMAS    04.99.51.20.17                                                   Avenue du chateau;3.8021772;43.5847556;#icon-1899-0288D1;Avenue du château, 34880 Lavérune;04 99 51 20 17;;
85;ALSH intercommunal de Mauguio (maternel & élémentaire);Directrice Solange FRANCO                                      Tél: 04 67 91 20 89 - maison.des.loisirs@paysdelor.fr                        chemin de Bentenac (route des cabanes) à Mauguio;4.0179168;43.6055575;#icon-1899-0288D1;chemin de Bentenac, 34130 Mauguio;04 67 91 20 89;maison.des.loisirs@paysdelor.fr;
86;ALSH intercommunal Palavas les flots (maternel & élémentaire);Directeur ???                                                            Tél : 04 67 20 18 35 - clsh.palavas@paysdelor.fr   Rue de la Tramontane (près du parc du Leban);3.933255;43.531469;#icon-1899-0288D1;Rue de la Tramontane, 34250 Palavas-les-Flots;04 67 20 18 35;clsh.palavas@paysdelor.fr;
87;ALSH intercommunal de La Grande motte (maternel & élémentaire);Directeur ???                                                              Tél: 04 67 56 08 10 - clsh.lgm@paysdelor.fr      98 rue Saint-Louis, La Grande Motte;4.0995064;43.5594089;#icon-1899-0288D1;98 rue Saint-Louis, 34280 La Grande Motte;04 67 56 08 10;clsh.lgm@paysdelor.fr;
88;ALSH intercommunal Valergues (maternel & élémentaire);Directeur ???                      04 67 63 47 05 - clsh.valergues@paysdelor.fr                                  105 avenue Frédéric Mistral à Valergues.;4.06252;43.6672191;#icon-1899-0288D1;105 avenue Frédéric Mistral, 34130 Valergues;04 67 63 47 05;clsh.valergues@paysdelor.fr;
89;ALSH municipal Baillargues (maternel & élémentaire);Directeur ???                  04 67 87 41 93 / 95<br>sportetjeunesse@ville-baillargues.fr                  Maison de l’Enfance André Valto<br>10 rue de la Chicane | 34670 Baillargues;4.0121985;43.6592717;#icon-1899-0288D1;10 rue de la Chicane, 34670 Baillargues;04 67 87 41 93 / 95;sportetjeunesse@ville-baillargues.fr;
90;ALSH municipal Lattes (maternel & élémentaire);Direction Milan PRICHYSTAL ou Loréna AGNESE 06 15 77 50 56  centre.loisirs@ville-lattes.fr<br>avenue de Fréjorgues – 34970 LATTES;3.9109348;43.5694311;#icon-1899-0288D1;avenue de Fréjorgues, 34970 LATTES;06 15 77 50 56;centre.loisirs@ville-lattes.fr;
91;ALSH municipal Murviel-les-montpellier (maternel & élémentaire);Directeur ???                                                             Rue Lucie et Raymond Aubrac<br>34570 Murviel Les Montpellier<br>Tel : 04.67.47.68.65;3.7353312;43.6045681;#icon-1899-0288D1;Rue Lucie et Raymond Aubrac, 34570 Murviel Les Montpellier;04 67 47 68 65;;
92;ALSH municipal Pérols (maternel & élémentaire);Directeur ???                                                        Centre Xavier Landry Rue des flamants roses - 34470 Pérols<br>Tél. : 04 67 50 45 45;3.952706;43.5658392;#icon-1899-0288D1;Rue des flamants roses, 34470 Pérols;04 67 50 45 45;;
93;ALSH municipal Pignan (maternal & élémentaire);Isabelle David, Responsable ALAE/ALSH Maternel - 06 71 32 15 90<br>Killy Hernando, Responsable ALAE/ALSH Primaire - 06 25 39 30 15;3.7611531;43.5820801;#icon-1899-0288D1;;06 71 32 15 90;;
94;ALSH municipal Fabrègues (maternel & élémentaire);Directeur ???                                                           150, rue Georges-Pompidou - ✆ 04 67 85 43 62<br>alsh@fabregues.fr;3.7812039;43.5559572;#icon-1899-0288D1;"150 rue Georges-Pompidou, 34690
Fabrègues";04 67 85 43 62;alsh@fabregues.fr;
95;ALSH associatif APUM Fac de sciences (maternel & élémentaire);Directeur DORAND 06.52.21.85.75                     cle-apum@umontpellier.fr                                          Place Eugène-Bataillon Case courrier 098<br>34095 Montpellier Cedex<br>Téléphone : <br>04 67 14 30 99;3.8607745;43.6352557;#icon-1502-7CB342;Place Eugène-Bataillon Case courrier 098, 34095 Montpellier Cedex;04 67 14 30 99;cle-apum@umontpellier.fr;
96;ALSH municipal Villeneuve-les-maguelone;Directeur ???                                                                 2 place des Héros<br>34750 Villeneuve-lès-Maguelone<br>Tél. : 04 67 69 75 70;3.8611368;43.5334869;#icon-1899-0288D1;2 place des Héros, 34750 Villeneuve-lès-Maguelone;04 67 69 75 70;;
97;ALSH municipal Grabels (maternel & élémentaire);Directeur ???                                                                 15 impasse du Picadou (en face de l’école de musique) 34790 Grabels<br>Tél : 04.67.79.71.85 - 07.78.87.81.93;3.8019851;43.6448503;#icon-1899-0288D1;15 impasse du Picadou, 34790 Grabels;04 67 79 71 85;;
98;ALSH municipal Montarnaud (maternel & élémentaire);Directrice ???                                                               04 67 55 75 68    service.jeunesse@montarnaud.fr;3.6928577;43.650152;#icon-1899-0288D1;;;;
99;ALSH municipal Cournonterral (maternel & élémentaire);Directeur ???  Adresse ???                                      ALSH maternel 06 74 62 56 43<br>ALSH primaire 06 85 03 38 93<br>centreloisirs@ville-cournonterral.fr;3.719578;43.558067;#icon-1899-0288D1;;;centreloisirs@ville-cournonterral.fr;
100;ALSH municipal Combaillaux (maternel & élémentaire);Directrice Manseur Malika au 06 78 04 14 94    adresse ???;3.766372;43.677099;#icon-1899-0288D1;;;;
101;ALSH municipal les Matelles (maternel & élémentaire);Adresse ???                                  alsh@mairiedesmatelles.fr Accueil de Loisirs (Simon)<br>06 34 05 39 62;3.8117928;43.7306886;#icon-1899-0288D1;;;alsh@mairiedesmatelles.fr;
102;ALSH municipal Saint Matthieu de treviers (maternel & élémentaire);"Directeur ???                                                                 Le mazet<br>Centre Commercial ""Le Terrieu""";3.8695617;43.7628705;#icon-1899-0288D1;;;;
103;Accueil l'Ecolothèque;Mas de Grille, 1 rue Théophraste Renaudot, 34430 Saint-Jean-de-Védas<br>Téléphone : 04 99 52 82 82;3.852426;43.5727501;#icon-1582-0288D1;Mas de Grille, 1 rue Théophraste Renaudot, 34430 Saint-Jean-de-Védas;04 99 52 82 82;;
104;Accueil les Ateliers d'Arthur;12 rue Marcel de Serres <br>34000 Montpellier - Quartier Arceaux <br>Téléphone : 09 81 05 21 20 - 06 64 29 01 43;3.865104;43.6127828;#icon-1509-A52714;12 rue Marcel de Serres, 34000 Montpellier;09 81 05 21 20;;
105;Accueil MCSA 34;Association Montpellier Culture Sport Adapté 2 Rue Ernest Castan, 34090 Montpellier<br>Téléphone : 04 67 79 23 40;3.8811282;43.6190156;#icon-1696-A52714;Association Montpellier Culture Sport Adapté 2 Rue Ernest Castan, 34090 Montpellier;04 67 79 23 40;;
106;Accueil Pause-goûter;Acceuil parent + enfant de 0 à 3 ans              Village du Père Soulas Mas des Moulins<br>2452 Avenue du Père Soulas<br>34090 Montpellier<br>Tél: 04 67 41 98 21;3.8445282;43.6296766;#icon-1844-A52714;Village du Père Soulas Mas des Moulins, 2452 Avenue du Père Soulas, 34090 Montpellier;04 67 41 98 21;;
107;ALSH associatif MJC Trencavel (élémentaire & Ados);Directeur Julien CABASSO                                  Maison des Jeunes et de la Culture Centre socioculturel Trencavel - 13A Bd Du Guesclin 34500 Béziers - Tel :04 67 31 27 34 - Fax : 04 67 31 83 78 - infos@mjc-beziers.org - www.mjc-beziers.org;3.2232491;43.3448207;#icon-1899-F57C00;Maison des Jeunes et de la Culture Centre socioculturel Trencavel, 13A Bd Du Guesclin 34500 Béziers;04 67 31 27 34;infos@mjc-beziers.org;www.mjc-beziers.org
108;ALSH municipal Brassens (élémentaire);Directeur ???                                                                   ALSH Georges Brassens<br>31, avenue Auguste Albertini<br>04 67 62 87 00;3.2361794;43.3493755;#icon-1899-0288D1;31 avenue Auguste Albertini, , 34500 Béziers;04 67 62 87 00;;
109;ALSH intercommunal Servian (maternel & élémentaire);PCL VILLAMONT                                                  Bois d’Amilhac 34290 SERVIAN <br>Tèl : 04-67-76-02-76                              http://villamont-beziers.fr/portfolio/centre-de-loisir/                ;3.3021103;43.3957641;#icon-1899-0288D1;PCL VILLAMONT, Bois d’Amilhac, 34290 SERVIAN                     ;04 67 76 02 76;;http://villamont-beziers.fr/portfolio/centre-de-loisir/
110;ALSH municipal Dolto (maternel);Directeur ???                                                           ALSH Dolto<br>330, rue Claude Nougaro<br>04 99 43 81 72;3.2528233;43.3452082;#icon-1899-0288D1;ALSH Dolto, 330 rue Claude Nougaro, 34500 Béziers;04 99 43 81 72;;
111;ALSH municipal Albert Camus (élémentaire);Directeur ???                                                                  ALSH Albert Camus<br>Esplanade Rosa Parks<br>04 67 32 62 00;3.2516233;43.3345614;#icon-1899-0288D1;ALSH Albert Camus, Esplanade Rosa Parks, 34500 Béziers;04 67 32 62 00;;
112;ALSH municipal Vaclav Havel (élémentaire);ALSH Vaclav Havel<br>Rue Jules Dalou<br>04 67 36 73 57;3.208833;43.350751;#icon-1899-0288D1;ALSH Vaclav Havel, Rue Jules Dalou, 34500 Béziers;04 67 36 73 57;;
113;ALSH municipal Malbosc (marternel);Directeur ???                                                          ALSH Malbosc<br>Quartier La Courondelle<br>181, rue Ostermeyer<br>0499 43 81 72;3.2255525;43.3633135;#icon-1899-0288D1;ALSH Malbosc,Quartier La Courondelle, 181 rue Ostermeyer, 34500 Béziers;04 99 43 81 72;;
114;ALSH municipal Zinga Zanga (maternel & élémentaire);Centre Loisirs Zinga Zanga<br>Traverse de Colombiers<br>34500 Béziers - Pradines le Bas<br>Hérault<br>04 67 48 13 36;3.190512;43.329228;#icon-1899-0288D1;Centre Loisirs Zinga Zanga, Traverse de Colombiers, 34500 Béziers - Pradines le Bas;04 67 48 13 36;;
115;ALSH municipal Martin Luther King (élémentaire);ALSH Martin Luther King<br>26, rue de l’Orb<br>04 67 80 07 20;3.2101064;43.3384582;#icon-1899-0288D1;ALSH Martin Luther King, 26, rue de l’Orb, 34500 Béziers;04 67 80 07 20;;
116;ALSH municipal Sauvian (maternel & élémentaire);direction.alsh@ville-sauvian.com / alsh@ville-sauvian.com tel 04 67 32 20 49 port 06 77  88 14 50 rue caucadis 34410 Sauvian;3.2600096;43.2957786;#icon-1899-0288D1;ALSH municipal Sauvian, rue caucadis, 34410 Sauvian;04 67 32 20 49;direction.alsh@ville-sauvian.com / alsh@ville-sauvian.com;
117;ALSH associatif les Francas (maternel & élémentaire);Directeur ???                                                               Rue des Lilas<br>34420 VILLENEUVE LES BEZIERS                       04 67 39 39 59                                                         ;3.2862556;43.3153163;#icon-1899-9C27B0;ALSH associatif les Francas, Rue des Lilas, 34420 VILLENEUVE LES BEZIERS                        ;04 67 39 39 59;;
118;ALSH municipal Sérignan (maternel & élémentaire);04 67 32 32 13<br>clm@ville-serignan.fr<br>Ecole Ferdinand Buisson<br>Avenue de la Plage<br>34410  Sérignan;3.2837376;43.2772086;#icon-1899-0288D1;Ecole Ferdinand Buisson, Avenue de la Plage, 34410  Sérignan;04 67 32 32 13;clm@ville-serignan.fr;
119;ALSH municipal Montady (maternel & élémentaire);04.86.11.28.03<br>Centredeloisirs@montady.com;3.1202843;43.3307667;#icon-1899-0288D1;;04 86 11 28 03;Centredeloisirs@montady.com;
120;ALSH municipal Portiragnes;Téléphone: 06.82.79.13.36 / 04.67.90.81.01<br>Mail: clshmoniquesaluste@wanadoo.fr<br>Site internet: www.clshmoniquesaluste.com;3.3545756;43.2777002;#icon-1899-0288D1;;04 67 90 81 01;clshmoniquesaluste@wanadoo.fr;www.clshmoniquesaluste.com
121;ALSH municipal Bessan (maternel & élémentaire);A.L.S.H de Montblanc 04.67.77.57.32<br>Route de Montblanc<br>34550 Bessan;3.4103707;43.3702474;#icon-1899-0288D1;A.L.S.H de Montblanc, Route de Montblanc, 34550 Bessan;04 67 77 57 32;;
122;ALSH municipal Montblanc (maternel);1 Résidence les Vignes<br>34290 MONTBLANC <br> 04 67 37 93 56<br> accueildeloisirs-montblanc34@orange.fr;3.3635371;43.3962226;#icon-1899-0288D1;1 Résidence les Vignes, 34290 MONTBLANC;04 67 37 93 56;accueildeloisirs-montblanc34@orange.fr;
123;ALSH municipal Montblanc (élémentaire);AVENUE DE LA PAIX<br>34290 MONTBLANC<br>Tél: 04 67 01 57 43 / 09 63 68 09 02;3.3655411;43.3937082;#icon-1899-0288D1;AVENUE DE LA PAIX, 34290 MONTBLANC;04 67 01 57 43;accueildeloisirs-montblanc34@orange.fr;
124;ALSH municipal Pézenas (maternel & élémentaire;Directeur : Laurent Senesi<br>2 rue Louis Audibert, 34120 Pézenas<br>l.senesi@ville-pezenas.fr<br>04 67 90 74 05;3.41599;43.4540925;#icon-1899-0288D1;2 rue Louis Audibert, 34120 Pézenas;04 67 90 74 05;l.senesi@ville-pezenas.fr;
125;ALSH municipal Valros (maternel & élémentaire);ALSH « Les Faïsses » <br>12, Allée des Tilleuls 34290 VALROS <br>Contact : alpalsh.valros@laposte.net 06.71.34.49.39;3.3655577;43.4174193;#icon-1899-0288D1;ALSH « Les Faïsses », 12 Allée des Tilleuls 34290 VALROS;06 71 34 49 39;alpalsh.valros@laposte.net;
126;ALSH associatif les Francas (maternel & élémentaire);Marie-Elizabeth Fromental  06.51.62.73.55                 loisirssaintecroix@francas34.fr;3.907849;43.771518;#icon-1899-9C27B0;;06 51 62 73 55;loisirssaintecroix@francas34.fr;
127;Accueil associatif UFCV salle attente PMI Béziers;Contact : languedoc-roussillon@ufcv.fr;3.2556268;43.3376441;#icon-1844-006064;;;languedoc-roussillon@ufcv.fr;
128;ALSH intercommunal Planète Lirou(maternel & élémentaire);Maison des Enfants<br>34620 PUISSERGUIER<br>Tél : 04.67.93.65.17                                  Capestang, Cruzy, Creissan, Montels, Montouliers, Poilhes et Quarante, Cébazan et Puisserguier;3.051838;43.367434;#icon-1546-0288D1;Maison des Enfants, Rue Font Claire, 34620 Puisserguier;04 67 93 65 17;;
129;ALSH intercommunal Planète Orb (maternel & élémentaire);Assignan, Babeau-Bouldoux, Cazedarnes, Cessenon-sur-Orb, Pierrerue, Prades-sur-Vernazobres, Saint-Chinian et Villespassans Ecole Maternelle/Espace Léo Lagrange<br>34360 CESSENON-SUR-ORB<br>Tél : 04.67.89.60.78 (uniquement durant les vacances scolaires)     ;3.0501278;43.4508732;#icon-1899-0288D1;Ecole Maternelle/Espace Léo Lagrange, 34360 CESSENON-SUR-ORB;04 67 89 60 78;;
130;ALSH municipal Montagnac (maternel & élémentaire);7 rue gendarme Lebaron - 34530 MONTAGNAC.<br>Tél. : 04 67 25 02 24<br>Courriel : alsh.ferry@ville-montagnac.fr;3.4791503;43.4839644;#icon-1899-0288D1;7 rue gendarme Lebaron, 34530 MONTAGNAC;04 67 25 02 24;alsh.ferry@ville-montagnac.fr;
131;ALSH intercommunal la Clé des champs (maternel & élémentaire);Avenue de Caux<br>34320 ROUJAN <br>Tél : 04 67 24 82 31<br>lacledeschamps.roujan@wanadoo.fr;3.3133081;43.5046204;#icon-1899-0288D1;Avenue de Caux, 34320 ROUJAN;04 67 24 82 31;lacledeschamps.roujan@wanadoo.fr;
132;ALSH municipal Montagnac (maternel & élémentaire);Stéphane GEFFROY, coordonnateur ALSH<br>Tél : 04 67 53 44 92<br>Mail : alsh@villeveyrac.fr;3.5975426;43.4999116;#icon-1899-0288D1;;04 67 53 44 92;alsh@villeveyrac.fr;
133;ALSH municipal Loupian (maternel & élémentaire);clae@loupian.fr par tél : 04 67 43 91 62;3.6148103;43.4491238;#icon-1899-0288D1;;04 67 43 91 62;clae@loupian.fr;
134;ALSH municipal Mèze (maternel);Priscilla MOSTACCI<br>Tel : 06 86 32 96 09<br>Mail : alsh.maternel@ville-meze.fr;3.5955472;43.4214703;#icon-1899-0288D1;;04 67 43 93 55;alsh.maternel@ville-meze.fr;
135;ALSH municipal Mèze (élémentaire);04 67 43 93 55<br>Mail : alsh-sesquiers@ville-meze.fr;3.5945258;43.4413083;#icon-1899-0288D1;;04 67 43 93 55;alsh-sesquiers@ville-meze.fr;
136;ALSH municipal Marseillan (maternel & élémentaire);Sabrina IBANEZ                                                           1 rue du Général de Gaulle<br>06 67 65 37 71                                                                        sabrina.ibanez@marseillan.com <br> ;3.5462837;43.3170627;#icon-1899-0288D1;1 rue du Général de Gaulle, 34340 Marseillan;06 67 65 37 71;sabrina.ibanez@marseillan.com;
137;ALSH municipal Florensac (maternel & élémentaire);AVENUE JEAN JAURES<br>34510 Florensac;3.4645667;43.3839211;#icon-1899-0288D1;AVENUE JEAN JAURES, 34510 Florensac;;;
138;ALSH intercommunal Fontès (maternel);Sébastien GAUTRAN<br>Téléphone : <br>04.67.24.10.22<br>pole.fontes@cc-clermontais.fr;3.3794154;43.5390115;#icon-1899-0288D1;;04 67 24 10 22;pole.fontes@cc-clermontais.fr;
139;ALSH intercommunal Fontès (élémentaire);;3.3814184;43.5395635;#icon-1899-0288D1-nodesc;;;;
140;ALSH intercommunal Canet (maternel & élémentaire);Emile DONZE<br>Téléphone : <br>04.67.96.93.53<br>pole.canet@cc-clermontais.fr;3.4886469;43.608586;#icon-1899-0288D1;;04 67 96 93 53;pole.canet@cc-clermontais.fr;
141;ALSH intercommunal Ceyras (maternel & élémentaire);Jennifer CAZORLA<br><br>Téléphone : <br>04.67.88.67.04<br><br>Courriel : <br>pole.ceyras@cc-clermontais.fr;3.4538333;43.6484048;#icon-1899-0288D1;;04 67 88 67 04;pole.ceyras@cc-clermontais.fr;
142;ALSH intercommunal Clermont l'Hérault (maternel & élémentaire);Carole BOUISSET<br>Téléphone : <br>04.67.96.23.05<br>pole.clermont@cc-clermontais.fr;3.4301709;43.6330524;#icon-1899-0288D1;;04 67 96 23 05;pole.clermont@cc-clermontais.fr;
143;ALSH intercommunal Nébian (maternel & élémentaire);Jérôme BILHAC<br>Téléphone : <br>04.67.88.08.98<br>pole.nebian@cc-clermontais.fr;3.4349383;43.6045216;#icon-1899-0288D1;;04 67 88 08 98;pole.nebian@cc-clermontais.fr;
144;ALSH intercommunal Paulhan (maternel & élémentaire);Aurélie CASTAGNIER<br>Téléphone : <br>04.67.25.05.23 <br>pole.paulhan@cc-clermontais.fr;3.4605612;43.5430043;#icon-1899-0288D1;;04 67 25 05 23;pole.paulhan@cc-clermontais.fr;
145;ALSH municipal Gigean (élémentaire);"ALE ""Les Gouramis"" Ecole Haroun Tazieff, Rue des écoles laïques<br> Tél : 06 09 34 36 69 et 04 67 46 64 61";3.7131748;43.5002341;#icon-1899-0288D1;Rue des écoles laïques, 34770 Gigean;04 67 46 64 61;;
146;ALSH municipal Gigean (maternel);"ALE ""Les Lionceaux"" - école Paul Emile Victor, Rue de la Clau - Tél : 06 67 53 77 19 et 06 74 79 84 84";3.7060824;43.4941226;#icon-1899-0288D1;Rue de la Clau, 34770 Gigean;06 67 53 77 19;;
147;ALSH municipal Poussan (maternel  é élémentaire);26 rue de la salle - 34 560 POUSSAN<br>04.67.18.13.38<br>clsh@ville-poussan.fr;3.6668613;43.4881035;#icon-1899-0288D1;26 rue de la salle, 34560 POUSSAN;04 67 18 13 38;clsh@ville-poussan.fr;
148;ALSH municipal Gignac (élémentaire);Directrices : <br>Anna Abonneau (vacances) et <br>Marie Claire Fryder (mercredis)<br>Adresse : Centre Georges Frayssinhes<br>Rue Pierre Curie<br>Tel : 04 67 57 63 31<br>Mail : centredeloisirs@ville-gignac.com;3.5465957;43.6535417;#icon-1899-0288D1;Centre Georges Frayssinhes, Rue Pierre Curie, 34150 Gignac;04 67 57 63 31;centredeloisirs@ville-gignac.com;
149;ALSH municipal Saint André de Sangonis (maternel & élémentaire);Ecole maternelle Roger Gaubil, Tel 04.67.60.31.67;3.5033461;43.6506868;#icon-1899-0288D1;7 Cours de la Liberté, 34725 Saint-André-de-Sangonis;04 67 60 31 67;;
150;ALSH municipal Montpeyroux (maternel & élémentaire);ALSH (Accueil de loisirs sans hébergement)<br>Tél: 06.14.39.69.44<br>Mail : enfance.jeunesse@montpeyroux34.com;3.5011768;43.6983965;#icon-1899-0288D1;;06 14 39 69 44;enfance.jeunesse@montpeyroux34.com;
151;ALSH municipal Saint Pargoire (maternel & élémentaire);Espace Jean moulin – 34230 SAINT PARGOIRE  : 04-67-98-76-75 - courriel : enfance-jeunesse@ville-saintpargoire,co;3.5177605;43.526555;#icon-1899-0288D1;Espace Jean moulin, 34230 SAINT PARGOIRE;04 67 98 76 75;enfance-jeunesse@ville-saintpargoire.com;
152;ALSH associatif La Clau Besierenca (maternel & élémentaire);"Calandreta ""los Falabreguiers"" 04.67.28.18.53     clau.calandreta@gmail.com";3.2172194;43.3395751;#icon-1899-795548;;04 67 28 18 53;clau.calandreta@gmail.com;
153;Association Jouons en ludothèques;04.67.69.00.81   www.jouonsenludotheques.fr;3.8447079;43.5997216;#icon-1696-A52714;;04 67 69 00 81;;www.jouonsenludotheques.fr
154;ALSH intercommunal Cessenon-sur-Orb (maternel & élémentaire);uniquement vacances scolaires;3.0498402;43.4495675;#icon-1899-0288D1;;;;
155;Mairie;;3.5511947;43.6530197;#icon-1899-0288D1-nodesc;;;;
156;Fabregues;;3.7791279;43.5495789;#icon-1735-006064-nodesc;;;;
157;MONTARNAUD;;3.6982045;43.6488168;#icon-1603-0288D1-nodesc;;;;
158;Cournonsec;;3.699367;43.543483;#icon-1591-9C27B0-nodesc;;;;
159;Lattes;;3.901911;43.568028;#icon-1591-9C27B0-nodesc;;;;
160;Bouillon Cube / LA GRANGE;Directrice Cléo FERRON<br>Bouillon cube La Grange<br>34380 Causse de la Selle<br>T/ 04.67.71.35.42<br>www.bouilloncube.fr<br>grange@bouilloncube.fr;3.660712;43.813824;#icon-1899-BDBDBD;Bouillon cube La Grange, 34380 Causse de la Selle;04 67 71 35 42;grange@bouilloncube.fr;www.bouilloncube.fr
161;ALSH municipal Lauret;Tél. : 09.60.12.94.77;3.8855452;43.8327149;#icon-1899-0288D1;;09 60 12 94 77;;
162;ALSH municipal Claret;09.60.12.94.77;3.904427;43.861204;#icon-1899-0288D1;;09 60 12 94 77;;
163;MDJ Claret;mdj@claret.fr                                                                06.72.26.17.33;3.8930899;43.8647323;#icon-1899-0288D1;;06 72 26 17 33;mdj@claret.fr;
164;ALSH St Bauzille de Putois;Téléphone : 04 67 73 37 68 / 07 77 26 82 40<br>accueildeloisirssaintbauzille@gmail.com<br>Directeur : Xavier FERREUX;3.7391206;43.8956976;#icon-1899-0288D1;;04 67 73 37 68;accueildeloisirssaintbauzille@gmail.com;
165;ALSH association le passe muraille;04 67 55 96 68;3.7177653;43.7523698;#icon-1899-795548;;04 67 55 96 68;;
166;ALSH  La Giraf’à Bulles Bleues à Brissac;Directrice : Isabelle ZOUAOUI                                     Téléphones : 04 99 53 81 47 / 06 30 58 26 55<br>alsh.brissac@hotmail.fr;3.7032492;43.8779542;#icon-1899-0288D1;;04 99 53 81 47;alsh.brissac@hotmail.fr;
167;ALSH de Ganges;Téléphone : 04 67 73 80 05<br>Directrice : Julie GUILLEUX;3.7073996;43.9362958;#icon-1899-0288D1;;04 67 73 80 05;;
168;ALSH les santolines Viols le fort;06 87 94 43 74;3.7040333;43.7424485;#icon-1899-0288D1;;06 87 94 43 74;;
169;ALSH municipal st jean de fos;04 67 29 99 72 ( Mardi / Mercredi)<br>Mail : alsh.saintjean34@hotmail.fr;3.5536886;43.7000816;#icon-1899-0288D1;;04 67 29 99 72;alsh.saintjean34@hotmail.fr;
170;ALSH muncipal st Drezéry;04 67 86 90 87<br>04 67 86 69 58 (fax.);3.981963;43.733889;#icon-1899-0288D1;;04 67 86 90 87;;
171;ALSH municipal Sussargues;Tél : 04 67 87 42 70<br>Fax : 04 67 87 42 71;4.0045918;43.7127355;#icon-1899-0288D1;;04 67 87 42 70;;
172;ALSH municipal Lunel (maternelle);Mario Roustan                                                              04 99 51 69 44<br>alsh.lunel@paysdelunel.fr<br>alsh.paysdelunel.fr;4.1260303;43.6704367;#icon-1899-0288D1;;04 99 51 69 44;alsh.lunel@paysdelunel.fr;alsh.paysdelunel.fr
173;ALSH municipal Lunel (élementaire);04 99 51 69 44<br>alsh.lunel@paysdelunel.fr<br>alsh.paysdelunel.fr;4.1300876;43.6761474;#icon-1899-0288D1;;04 99 51 69 44;alsh.lunel@paysdelunel.fr;alsh.paysdelunel.fr
174;ALSH  municipal Lunel viel;Téléphone : 07 63 23 10 07<br>Courriel : alsh.lunelviel@paysdelunel.fr;4.0934807;43.6763225;#icon-1899-0288D1;;07 63 23 10 07;alsh.lunelviel@paysdelunel.fr;
175;ALSH municipal Vendemian;Renseignements : 04 67 88 76 51 / 06 70 54 24 98 /alsh-vendemian@hotmail.fr;3.5617242;43.5810308;#icon-1899-0288D1;;04 67 88 76 51;alsh-vendemian@hotmail.fr;
176;MDJ Cazouls les beziers;Responsable service jeunesse : Yannick Navajas Tel : 04.67.93.58.28<br>Courriel : maison-des-jeunes7@wanadoo.fr;3.0969365;43.393318;#icon-1899-0288D1;;04 67 93 58 28;maison-des-jeunes7@wanadoo.fr;
177;MDJ Colombiers;Téléphone: 04 67 32 00 43<br>Fax: 04 67 21 33 78<br>Mail: jeunessecolombiers (@) gmail.com;3.1413465;43.3129565;#icon-1899-0288D1;;04 67 32 00 43;jeunessecolombiers@gmail.com;
178;ALSH  municipal Lespignan (primaire);Tel : 04 67 98 49 96 <br>lacardonilha@lespignan.fr;3.1698558;43.2732757;#icon-1899-0288D1;;04 67 98 49 96;lacardonilha@lespignan.fr;
179;ALSH municipal à Puisserguier Planète Lirou;Tél : 04.67.93.52.17 <br>Mail : centreloisirs@cc-sud-herault.fr;3.0516003;43.3674862;#icon-1899-0288D1;;04 67 93 52 17;centreloisirs@cc-sud-herault.fr;
180;ALSH municipal du libron Vias;Tél : Centre du Libron : 04 67 21 50 15 Port. : 06 80 22 09 25 Ecole G. de Gaulle : 04 67 09 25 40<br>Courriel : alsh@ville-vias.fr ;3.4084874;43.2901713;#icon-1899-0288D1;;04 67 21 50 15;alsh@ville-vias.fr;
181;ALSH municipal Le Cyber Sète;04 67 53 60 10;3.6809358;43.408747;#icon-1899-0288D1;;04 67 53 60 10;;
182;ALSH  municipal Le Chateau Vert Sète;04 67 51 39 82;3.6806171;43.4074462;#icon-1899-0288D1;;04 67 51 39 82;;
183;ALSH municipal Le Vallon Sète;04 67 51 10 33;3.6801784;43.4089861;#icon-1899-0288D1;;04 67 51 10 33;;