SECTEUR;SOUS-SECTEUR;CIBLE;AGE-MIN;AGE-MAX;NOM;ADRESSE;LATITUDE;LONGITUDE;MAIL;TELEPHONE;LIEN
SANITAIRE;;Enfant;;;CAMSP DE BEZIERS;CENTRE EDUCATIF ET MEDICAL AVENUE DE MONSEIGNEUR COSTE 34500 BEZIERS;;;;04 67 30 43 21;
SANITAIRE;;Enfant;;;CAMSP DE MONTPELLIER / LUNEL;HOPITAL ST ELOI - 80 AVENUE AUGUSTIN FLICHE 34295 MONTPELLIER;;;;04 67 33 68 63;
SANITAIRE;;Enfant;;;CAMSP EQUINOXE - SETE;62, BOULEVARD CAMILLE BLANC 34200 SETE;;;;04 67 18 56 01;
SANITAIRE;;Enfant;;;CMPP DE BEZIERS;CENTRE EDUCATIF ET MEDICAL AVENUE DE MONSEIGNEUR COSTE 34500 BEZIERS;;;;04 99 43 00 17;
SANITAIRE;;Enfant;;;CMPP DE SETE;VILLA MALIBRAN  441 BIS, CHEMIN DES CARRIERES 34200 SETE;;;;04 67 53 16 22;
ÉTABLISSEMENTS;;Enfant;;;CMPP MARCEL FOUCAULT;RESIDENCE LE DIAMANT - BATIMENT B  419, RUE LEON BLUM 34000 MONTPELLIER;;;;04 67 61 08 20;
ÉTABLISSEMENTS;;Enfant;;;CMPP MARCEL FOUCAULT - LUNEL;450 AVENUE DES ABRIVADOS 34400 LUNEL;;;;04 99 54 90 10;
ÉTABLISSEMENTS;;Enfant;;;CMPP PAYS COEUR DHERAULT;230, AVENUE DU MAS SALAT 34150 GIGNAC;;;;04 67 12 81 92;
ÉTABLISSEMENTS;;Enfant;;;IME DU CENTRE MEDICAL ET EDUCATIF DE LENFANCE FONTCAUDE;70, RUE TIPASA 34080 MONTPELLIER;;;;04 67 10 23 00;
ÉTABLISSEMENTS;;Enfant;;;IME DU CHATEAU DO;2359, AVENUE DU PERE SOULAS 34094 MONTPELLIER CEDEX 5;;;;04 67 63 18 92;
ÉTABLISSEMENTS;;Enfant;;;IME INSTITUT RAYMOND FAGES;CHEMIN RAYMOND FAGES 34300 AGDE;;;;04 67 01 05 20;
ÉTABLISSEMENTS;;Enfant;;;IME INSTITUT SAINT HILAIRE;12 AVENUE ALEXANDRE LAVAL 34510 FLORENSAC;;;;04 67 77 00 01;
ÉTABLISSEMENTS;;Enfant;;;IME LENSOLEILLADE;55 AVENUE DE MONTPELLIER  - BP 52 34725 SAINT ANDRE DE SANGONIS;;;;04 67 57 00 46;
ÉTABLISSEMENTS;;Enfant;;;IME LA CORNICHE;16 BIS, BOULEVARD JOLIOT CURIE 34200 SETE;;;;04 67 51 28 29;
ÉTABLISSEMENTS;;Enfant;;;IME LA MAISON DE SOLN;18, AVENUE DE LA GARE 34440 NISSAN LEZ ENSERUNE;;;;04 67 11 85 20;
ÉTABLISSEMENTS;;Enfant;;;IME LA PINEDE;AVENUE CYPRIEN OLIVIER 34830 JACOU;;;;04 67 59 11 78;
ÉTABLISSEMENTS;;Enfant;;;IME LES HIRONDELLES;11, AVENUE DU STADE 34410 SAUVIAN;;;;04 67 32 19 06;
ÉTABLISSEMENTS;;Enfant;;;IME LES HIRONDELLES PAYS DE THAU;RUE DES LIERLES CS 97001 34115 FRONTIGNAN CEDEX;;;;04 67 46 62 38;
ÉTABLISSEMENTS;;Enfant;;;IME LES MURIERS;1804, AVENUE DU PERE SOULAS 34090 MONTPELLIER;;;;04 67 63 13 48;
ÉTABLISSEMENTS;;Enfant;;;IME LES OLIVIERS;695, RUE DES BOUISSES 34070 MONTPELLIER;;;;04 67 13 23 40;
ÉTABLISSEMENTS;;Enfant;;;IME LES PESCALUNES;111 RUE DES NEFLIERS 34400 LUNEL;;;;04 67 83 87 57;
ÉTABLISSEMENTS;;Enfant;;;IME NOTRE DAME DE LA SALETTE;2, RUE DU PUECH DU FOUR - BP 34 34600 BEDARIEUX;;;;04 67 95 59 05;
ÉTABLISSEMENTS;;Enfant;;;ITEP CENTRE BOURNEVILLE;120, RUE DU MAS PRUNET 34070 MONTPELLIER;;;;04 67 42 43 66;
ÉTABLISSEMENTS;;Enfant;;;ITEP INSTITUT CAMPESTRE;1120, ROUTE DE BEDARIEUX 34700 LODEVE;;;;04 67 44 23 44;
ÉTABLISSEMENTS;;Enfant;;;ITEP LA CORNICHE;16 BIS, BOULEVARD JOLIOT CURIE 34200 SETE;;;;04 67 51 28 29;
ÉTABLISSEMENTS;;Enfant;;;ITEP LE LANGUEDOC;38 RUE DU MAZET - MAS PRUNET 34070 MONTPELLIER;;;;04 67 42 45 44;
ÉTABLISSEMENTS;;Enfant;;;ITEP MONT-LOZERE;74, RUE MICHELINE OSTERMEYER 34500 BEZIERS;;;;04 67 31 87 40;
ÉTABLISSEMENTS;;Enfant;;;ITEP NAZARETH;13, RUE DE NAZARETH 34093 MONTPELLIER;;;;04 99 58 21 21;
ACCUEILS ALTERNATIFS;;Enfant;;;ACCUEIL ADOLESCENTS SESAME - LOUSTAL DE SESAME;" 31, AVENUE DE LOCCITANIE 34310 CAPESTANG""";;;;04 67 93 31 02;
ACCUEILS ALTERNATIFS;;Enfant;;;ACCUEIL ADOLESCENTS SESAME - LA MAISON DE MANON;22, RUE DES ROMARINS 34990 JUVIGNAC;;;;04 67 40 52 01;
ACCUEILS ALTERNATIFS;;Enfant;;;CENTRE DEDUCATION SPECIALISE POUR DEFICIENTS AUDITIFS (CESDA 34);14 RUE SAINT-VINCENT-DE-PAUL 34090 MONTPELLIER;;;;04 67 02 99 00;
ACCUEILS ALTERNATIFS;;Enfant;;;CENTRE DEDUCATION SPECIALISEE POUR DEFICIENTS AUDITIFS (CESDA 34);14, RUE SAINT VINCENT DE PAUL 34090 MONTPELLIER;;;;04 67 02 99 00;
ACCUEILS ALTERNATIFS;;Enfant;;;ETABLISSEMENT POUR ENFANTS ET ADOLESCENTS POLYHANDICAPES (EEAP) COSTE ROUSSE;43, AVENUE DES BARONNES 34730 PRADES LE LEZ;;;;04 67 59 52 50;
ACCUEILS ALTERNATIFS;;Enfant;;;INSTITUT DEDUCATION MOTRICE (IEM) ALEXANDRE JOLLIEN;8, PLACE GENERAL DE GAULLE 34240 LAMALOU LES BAINS;;;;04 67 95 75 30;
ACCUEILS ALTERNATIFS;;Enfant;;;INSTITUT DEDUCATION MOTRICE (IEM) LA CARDABELLE;21, AVENUE DE CASTELNAU 34090 MONTPELLIER;;;;04 67 72 42 62;
ACCUEILS ALTERNATIFS;;Enfant;;;LES ATELIERS DE BENTENAC;ROUTE DES CABANES 34130 MAUGUIO;;;;04 67 29 52 45;
ACCUEILS ALTERNATIFS;;Enfant;;;SAFEP ET SAAAIS DE LA FEDERATION DES AVEUGLES ET AMBLYOPES DE FRANCE-LR (FAF-LR);420, ALLEE HENRI II DE MONTMORENCY 34000 MONTPELLIER;;;;04 67 50 50 60;
ACCUEILS ALTERNATIFS;;Enfant;;;SAFEP ET SSEFIS DE LASSOCIATION REGIONALE POUR LINTEGRATION ET LEDUCATION DES DEFICIENTS AUDITIFS (ARIEDA);2446 AVENUE DU PERE SOULAS 34090 MONTPELLIER;;;;04 99 23 27 70;
ACCUEILS ALTERNATIFS;;Enfant;;;SAFEP ET SSEFIS DU CENTRE DEDUCATION SPECIALISEE POUR DEFICIENTS AUDITIFS (CESDA 34);14, RUE SAINT VINCENT DE PAUL 34090 MONTPELLIER;;;;04 67 02 99 00;
ACCUEILS ALTERNATIFS;;Enfant;;;SAFEP ET SSEFIS DU CENTRE DE REEDUCATION DE LOUIE ET DE LA PAROLE (CROP PAUL BOUVIER);"24, ROUTE DALES BP7 30170 SAINT HIPPOLYTE DU FORT""";;;;04 66 77 22 06;
ULIS;;Enfant;;;SESSAD BOREAL;CENTRE EDUCATIF ET MEDICAL  AVENUE MONSEIGNEUR COSTE 34500 BEZIERS;;;;04 67 31 73 30;
ULIS;;Enfant;;;SESSAD DE LAGATHOIS;CHEMIN RAYMOND FAGES 34300 AGDE;;;;04 67 77 00 01;
ULIS;;Enfant;;;SESSAD DE LA MAISON DE SOL-N;40, RUE DE LA MARGERIDE - BAT A 34760 BOUJAN SUR LIBRON;;;;04 67 90 63 81;
ULIS;;Enfant;;;SESSAD DU CENTRE BOURNEVILLE;120, RUE DU MAS PRUNET 34070 MONTPELLIER;;;;04 67 42 43 66;
ULIS;;Enfant;;;SESSAD EOLE;CENTRE EDUCATIF ET MEDICAL AVENUE MONSEIGNEUR COSTE 34500 BEZIERS;;;;04 67 31 73 30;
ULIS;;Enfant;;;SESSAD FONTCAUDE;70, RUE TIPASA 34080 MONTPELLIER;;;;04 67 10 23 00;
ULIS;;Enfant;;;SESSAD INSTITUT CAMPESTRE;1120, ROUTE DE BEDARIEUX 34700 LODEVE;;;;04 67 44 23 44;
ULIS;;Enfant;;;SESSAD LENSOLEILLADE;" 4, QUAI HERCULE COT 34800 CLERMONT LHERAULT""";;;;04 67 88 90 85;
ULIS;;Enfant;;;SESSAD LOMBRELLE;11, RUE DU ROMARIN 34990 JUVIGNAC;;;;04 67 52 31 29;
ULIS;;Enfant;;;SESSAD LA CARDABELLE;21, AVENUE DE CASTELNAU 34090 MONTPELLIER;;;;04 67 54 04 38;
ULIS;;Enfant;;;SESSAD LA CORNICHE;16 BIS, BOULEVARD JOLIOT CURIE 34200 SETE;;;;04 67 18 29 04;
ULIS;;Enfant;;;SESSAD LA DOMITIENNE;1804, AVENUE DU PERE SOULAS 34090 MONTPELLIER;;;;04 67 54 43 54;
ULIS;;Enfant;;;SESSAD LA PINEDE;AVENUE CYPRIEN OLIVIER 34830 JACOU;;;;04 67 59 11 78;
ULIS;;Enfant;;;SESSAD LE LANGUEDOC;38, RUE DU MAZET - MAS PRUNET 34070 MONTPELLIER;;;;04 67 42 45 44;
ULIS;;Enfant;;;SESSAD LES HIRONDELLES;RUE DES LIERLES - CS 97001 34115 FRONTIGNAN;;;;04 67 46 62 38;
ULIS;;Enfant;;;SESSAD LES PESCALUNES;31, RUE DU 8 MAI 1945 34400 LUNEL;;;;04 67 07 86 01;
ULIS;;Enfant;;;SESSAD MARCEL FOUCAULT;RESIDENCE LE DIAMANT - BATIMENT B 419, RUE LEON BLUM 34000 MONTPELLIER;;;;04 67 54 25 35;
ULIS;;Enfant;;;SESSAD NAZARETH;13, RUE DE NAZARETH 34093 MONTPELLIER CEDEX 5;;;;04 99 58 21 21;
ULIS;;Enfant;;;SESSAD NOTRE DAME DE LA SALETTE;2, RUE PUECH DU FOUR BP 34 34600 BEDARIEUX;;;;04 67 95 10 59;
ULIS;;Enfant;;;SESSAD PARENTS THESE;" ZAC CLEMENT DALGER 20, RUE DES FRERES LUMIERE 34830 JACOU""";;;;04 67 45 63 02;
ULIS;;Enfant;;;CLIS ECOLE H. DE BORNIER;75, RUE OBSERVANCE 34400 LUNEL;;;;04 67 87 83 89;
ULIS;;Enfant;;;MATERNELLE DESBORDES VALMORE;460 RUE DES LAVANDINS 34070 MONTPELLIER;;;;04 67 42 63 15;
ULIS;;Enfant;;;ULIS ECOLE  DE MONTARNAUD;AVENUE FONT MOSSON 34570 MONTARNAUD;;;;04 67 55 56 99;
ULIS;;Enfant;;;ULIS ECOLE ALPHONSE DAUDET;" BOULEVARD GAMBETTA 34800 CLERMONT LHERAULT""";;;;04 67 96 02 69;
ULIS;;Enfant;;;ULIS ECOLE ANATOLE FRANCE;AVENUE ANATOLE FRANCE 34110 FRONTIGNAN;;;;04 67 46 51 11;
ULIS;;Enfant;;;ULIS ECOLE ANTOINE BALARD;123, RUE DE SALAMANQUE 34080 MONTPELLIER;;;;04 67 75 43 01;
ULIS;;Enfant;;;ULIS ECOLE ANTOINE DE SAINT EXUPÉRY;16, RUE MICHELET 34370 CAZOULS LES BEZIERS;;;;04 67 93 60 63;
ULIS;;Enfant;;;ULIS ECOLE ARAGO;21 RUE MONTMORENCY 34200 SETE;;;;04 67 74 35 24;
ULIS;;Enfant;;;ULIS ECOLE ARC EN CIEL;260, ROUTE USCLAS 34230 PAULHAN;;;;04 67 25 05 00;
ULIS;;Enfant;;;ULIS ECOLE CAPITAINE BONNET;2, AVENUE DE LA MAIRIE 34480 MAGALAS;;;;04 67 36 38 33;
ULIS;;Enfant;;;ULIS ECOLE CESAR VINAS;RUE GEORGES FABRE 34700 LODEVE;;;;04 67 88 86 03;
ULIS;;Enfant;;;ULIS ECOLE CHARLES BAUDELAIRE;311, AVENUE SAINT-CLEMENT 34070 MONTPELLIER;;;;04 67 63 08 53;
ULIS;;Enfant;;;ULIS ECOLE CONDORCET;2, PLACE DES ECOLES 34830 JACOU;;;;04 67 59 10 67;
ULIS;;Enfant;;;ULIS ECOLE EDOUARD HERRIOT;RUE FRANCOIS FEYNES 34500 BEZIERS;;;;04 67 62 47 47;
ULIS;;Enfant;;;ULIS ECOLE FRANCOIS MITTERRAND;1330, RUE HENRI LAGATU 34080 MONTPELLIER;;;;04 99 74 72 80;
ULIS;;Enfant;;;ULIS ECOLE FRANCOIS MITTERRAND;AVENUE DE NISSAN 34310 CAPESTANG;;;;04 67 93 32 79;
ULIS;;Enfant;;;ULIS ECOLE FRESCATIS;34220 SAINT PONS DE THOMIERES;;;;04 67 97 05 67;
ULIS;;Enfant;;;ULIS ECOLE GALILÉE;RUE JAUFFRE RUDEL 34080 MONTPELLIER;;;;04 67 75 34 59;
ULIS;;Enfant;;;ULIS ECOLE GARIBALDI;2, PLACE DE FONTJUN 34070 MONTPELLIER;;;;04 67 42 77 13;
ULIS;;Enfant;;;ULIS ECOLE GEORGES BASTIDE;2, RUE LEON BLUM 34660 COURNONTERRAL;;;;04 67 85 60 56;
ULIS;;Enfant;;;ULIS ECOLE GEORGES CLEMENCEAU;RUE DES BORIES 34140 MEZE;;;;04 67 43 81 01;
ULIS;;Enfant;;;ULIS ECOLE HAROUN TAZIEFF;3, RUE DES ECOLES 34770 GIGEAN;;;;04 67 46 64 61;
ULIS;;Enfant;;;ULIS ECOLE HENRI DE BORNIER;" 75, RUE DE LOBSERVANCE 34400 LUNEL""";;;;04 67 87 83 89;
ULIS;;Enfant;;;ULIS ECOLE JACQUES BREL;5, IMPASSE DES MARMOUSETS 34000 MONTPELLIER;;;;04 67 64 08 74;
ULIS;;Enfant;;;ULIS ECOLE JACQUES PREVERT;CHEMIN FAISSINE 34120 PEZENAS;;;;04 67 98 38 76;
ULIS;;Enfant;;;ULIS ECOLE JEAN GUY;AVENUE PAUL VIDAL 34490 MURVIEL LES BEZIERS;;;;04 67 37 80 64;
ULIS;;Enfant;;;ULIS ECOLE JEAN JAURES;RUE HORT DE MONSEIGNEUR 34500 BEZIERS;;;;04 67 30 10 68;
ULIS;;Enfant;;;ULIS ECOLE JEAN MACE;" RUE DU 81EME REGIMENT DINFANTERIE 34200 SETE""";;;;04 67 51 10 50;
ULIS;;Enfant;;;ULIS ECOLE JEAN MACE;289, RUE SAINT HILAIRE 34000 MONTPELLIER;;;;04 67 64 40 60;
ULIS;;Enfant;;;ULIS ECOLE JEAN MERMOZ;196, RUE DE LA CROIX DU SUD 34000 MONTPELLIER;;;;04 67 65 04 66;
ULIS;;Enfant;;;ULIS ECOLE JULES FERRY;184, AVENUE EDMOND ROSTAND 34590 MARSILLARGUES;;;;04 67 83 55 77;
ULIS;;Enfant;;;ULIS ECOLE JULES FERRY;" PLACE DE LEUROPE 34820 TEYRAN""";;;;04 67 70 34 27;
ULIS;;Enfant;;;ULIS ECOLE JULES FERRY;RUE EDOUARD HERRIOT 34290 SERVIAN;;;;04 67 39 11 42;
ULIS;;Enfant;;;ULIS ECOLE JULES FERRY;15, RUE DE LA REPUBLIQUE 34300 AGDE;;;;04 67 94 23 18;
ULIS;;Enfant;;;ULIS ECOLE JULES SIMON;45, RUE DE LA MEDITERRANEE 34000 MONTPELLIER;;;;04 67 65 60 54;
ULIS;;Enfant;;;ULIS ECOLE KUROSAWA;400, RUE PIERRE CARDENAL 34080 MONTPELLIER;;;;04 67 75 28 34;
ULIS;;Enfant;;;ULIS ECOLE LA CHEVALIERE;RUE FERREOL MAZAS 34500 BEZIERS;;;;04 67 76 27 74;
ULIS;;Enfant;;;ULIS ECOLE LA MARIANNE;RUE DES ECOLES REPUBLICAINES 34190 GANGES;;;;04 67 73 80 44;
ULIS;;Enfant;;;ULIS ECOLE LA RENAISSANCE;3, RUE DU 4 SEPTEMBRE 34200 SETE;;;;04 67 74 42 10;
ULIS;;Enfant;;;ULIS ECOLE LANGEVIN-WALLON;RUE DU VIGNAL 34600 BEDARIEUX;;;;04 67 95 07 48;
ULIS;;Enfant;;;ULIS ECOLE LE GRAND TAMARIS;AVENUE DE FREJORGUES 34970 LATTES;;;;04 67 65 21 61;
ULIS;;Enfant;;;ULIS ECOLE LEO MALET;5, ALLEE PIERRE CARABASSE 34080 MONTPELLIER;;;;04 67 75 46 45;
ULIS;;Enfant;;;ULIS ECOLE LEOPOLD SEDAR SENGHOR;26, AVENUE DE BOLOGNE 34080 MONTPELLIER;;;;04 67 75 34 79;
ULIS;;Enfant;;;ULIS ECOLE LES AMANDIERS;BOULEVARD BIR HAKEIM 34500 BEZIERS;;;;04 67 62 48 72;
ULIS;;Enfant;;;ULIS ECOLE LES ARBOUSIERS;1, AVENUE LES ARBOUSIERS 34500 BEZIERS;;;;04 67 76 22 18;
ULIS;;Enfant;;;ULIS ECOLE LES LAVANDINS;AVENUE DU STADE 34110 FRONTIGNAN LA PEYRADE;;;;04 67 46 51 61;
ULIS;;Enfant;;;ULIS ECOLE LES ROMARINS;RUE DE SETIF LA DEVEZE 34500 BEZIERS;;;;04 67 76 52 38;
ULIS;;Enfant;;;ULIS ECOLE LOUIS MALBOSC;181, RUE MICHELE OSTERMEYER 34500 BEZIERS;;;;04 99 43 80 10;
ULIS;;Enfant;;;ULIS ECOLE LOUISVILLE;431, AVENUE LOUISVILLE 34080 MONTPELLIER;;;;04 67 75 36 01;
ULIS;;Enfant;;;ULIS ECOLE LUCIE AUBRAC;RUE DU PEYROU 34570 PIGNAN;;;;04 67 47 83 34;
ULIS;;Enfant;;;ULIS ECOLE MARC BLOCH;135, ALLEE DES HAUTS DE MONTPELLIER 34080 MONTPELLIER;;;;04 67 75 13 87;
ULIS;;Enfant;;;ULIS ECOLE MARIO ROUSTAN;RUE ARCHIMEDE 34130 MAUGUIO;;;;04 67 29 54 68;
ULIS;;Enfant;;;ULIS ECOLE OLONZAC;AVENUE DE PEPIEUX 34210 OLONZAC;;;;04 68 91 32 42;
ULIS;;Enfant;;;ULIS ECOLE PAUL BERT;2, RUE DE VILLEFRANCHE 34200 SETE;;;;04 67 46 09 87;
ULIS;;Enfant;;;ULIS ECOLE PAUL BERT;11, RUE AUGUSTE COMTE 34110 SERIGNAN;;;;04 67 32 14 51;
ULIS;;Enfant;;;ULIS ECOLE PAUL LANGEVIN;5, RUE DE CLEMENTVILLE 34000 MONTPELLIER;;;;04 67 92 85 70;
ULIS;;Enfant;;;ULIS ECOLE PELLISSON;RUE PIERRE CURIE 34500 BEZIERS;;;;04 67 31 67 42;
ULIS;;Enfant;;;ULIS ECOLE PINTAT-LES OISEAUX;RUE JULES DALOU 34500 BEZIERS;;;;04 67 31 25 17;
ULIS;;Enfant;;;ULIS ECOLE SIGMUND FREUD;2, RUE DES TOURTERELLES 34090 MONTPELLIER;;;;04 67 72 42 53;
ULIS;;Enfant;;;ULIS ECOLE TERRES BLANCHES;RUE JULES FERRY 34110 FRONTIGNAN;;;;04 67 18 50 94;
ULIS;;Enfant;;;ULIS ECOLE VICTOR HUGO;RUE GENERAL RIU 34000 MONTPELLIER;;;;04 67 65 64 80;
ULIS;;Enfant;;;ULIS ECOLE VICTOR HUGO;AVENUE DU 8 MAI 1945 34550 BESSAN;;;;04 67 77 42 56;
ULIS;;Enfant;;;ULIS ECOLE VICTOR HUGO;RUE DU CALVAIRE 34830 CLAPIERS;;;;04 67 55 90 06;
ULIS;;Enfant;;;ULIS ECOLE VICTOR HUGO;9, AVENUE VICTOR HUGO 34400 LUNEL;;;;04 67 87 83 82;
ULIS;;Enfant;;;ULIS ECOLE VOLTAIRE;157, RUE HENRI SELLIER 34070 MONTPELLIER;;;;04 67 47 19 65;
ULIS;;Enfant;;;ULIS ECOLE WINSTON CHURCHILL;424, RUE DU LAVANDIN 34070 MONTPELLIER;;;;04 67 42 54 64;
ULIS;;Enfant;;;ULIS COLLEGE AMBRUSSUM;45, AVENUE LOUIS MEDARD 34400 LUNEL;;;;04 67 71 51 10;
ULIS;;Enfant;;;ULIS COLLEGE ARTHUR RIMBAUD;2 RUE MARIUS PETIPA 34080 MONTPELLIER;;;;04 67 75 43 90;
ULIS;;Enfant;;;ULIS COLLEGE CROIX DARGENT;" 361, RUE DE LARNEL 34070 MONTPELLIER""";;;;04 67 42 94 15;
ULIS;;Enfant;;;ULIS COLLEGE DE LA VOIE DOMITIENNE;BP 14 34920 LE CRES;;;;04 67 70 32 78;
ULIS;;Enfant;;;ULIS COLLEGE DU JEU DE MAIL;5, AVENUE BERTIN SANS 34000 MONTPELLIER;;;;04 67 52 11 50;
ULIS;;Enfant;;;ULIS COLLEGE DU SALAGOU;" 7 AVENUE PAUL VALERY 34800 CLERMONT LHERAULT""";;;;04 67 96 04 31;
ULIS;;Enfant;;;ULIS COLLEGE FERDINAND FABRE;CITE MIXTE FERDINAND FABRE 2, RUE JEAN MOULIN 34600 BEDARIEUX;;;;04 67 23 30 60;
ULIS;;Enfant;;;ULIS COLLEGE FRANCOIS MITTERRAND;380, AVENUE DE CASTELNAU 34830 CLAPIERS;;;;04 67 55 90 20;
ULIS;;Enfant;;;ULIS COLLEGE FRANCOIS RABELAIS;200, RUE DE MALBOSC 34080 MONTPELLIER;;;;04 99 77 21 21;
ULIS;;Enfant;;;ULIS COLLEGE FREDERIC BAZILLE;170, AVENUE DU 8 MAI 1945 34170 CASTELNAU LE LEZ;;;;04 67 79 74 10;
ULIS;;Enfant;;;ULIS COLLEGE GEORGES BRASSENS;AVENUE DU MEJEAN 34970 LATTES;;;;04 67 22 08 94;
ULIS;;Enfant;;;ULIS COLLEGE GERARD PHILIPE;686, AVENUE DU PONT TRINQUAT 34070 MONTPELLIER;;;;04 67 65 64 64;
ULIS;;Enfant;;;ULIS COLLEGE JEAN BENE;1 AVENUE PAUL VIDAL DE LA BLACHE 34120 PEZENAS;;;;04 67 98 11 55;
ULIS;;Enfant;;;ULIS COLLEGE JEAN JAURES;10 BIS, AVENUE DU GENERAL DE GAULLE 34140 MEZE;;;;04 67 43 81 00;
ULIS;;Enfant;;;ULIS COLLEGE KATIA ET MAURICE KRAFFT;BOULEVARD YVES DE MANOIR 34513 BEZIERS CEDEX;;;;04 67 76 18 66;
ULIS;;Enfant;;;ULIS COLLEGE LAS CAZES;420, RUE CROIX DE LAS CAZES 34080 MONTPELLIER;;;;04 67 04 39 39;
ULIS;;Enfant;;;ULIS COLLEGE LE BERANGE;21, AVENUE CONTR\xc3\x94LE 34670 BAILLARGUES;;;;04 67 70 13 51;
ULIS;;Enfant;;;ULIS COLLEGE LES ARBOURYS;RUE DE LA PROMENADE 34480 MAGALAS;;;;04 67 62 31 70;
ULIS;;Enfant;;;ULIS COLLEGE LES DEUX PINS;6, RUE MAURICE CLAVEL 34113 FRONTIGNAN;;;;04 67 18 69 50;
ULIS;;Enfant;;;ULIS COLLEGE LES ESCHOLIERS DE LA MOSSON;70, AVENUE DU BITERROIS 34184 MONTPELLIER;;;;04 67 10 47 30;
ULIS;;Enfant;;;ULIS COLLEGE LOUISE MICHEL;PLACE JULES FERRY 34190 GANGES;;;;04 67 73 81 01;
ULIS;;Enfant;;;ULIS COLLEGE LUCIE AUBRAC;4, RUE DE JUSSIEU 34500 BEZIERS;;;;04 99 43 20 50;
ULIS;;Enfant;;;ULIS COLLEGE MARCEL PAGNOL;RUE EMILE TURCO 34410 SERIGNAN;;;;04 67 39 99 99;
ULIS;;Enfant;;;ULIS COLLEGE MARIE CURIE;RUE DES CONDAMINES 34570 PIGNAN;;;;04 67 47 61 35;
ULIS;;Enfant;;;ULIS COLLEGE PAUL BERT;20, AVENUE DE LA REPUBLIQUE 34310 CAPESTANG;;;;04 67 49 82 22;
ULIS;;Enfant;;;ULIS COLLEGE PAUL RIQUET;PLACE GENERAL DE GAULLE 34500 BEZIERS;;;;04 99 43 26 30;
ULIS;;Enfant;;;ULIS COLLEGE PIERRE DELEY;AVENUE DE FLORENSAC 34340 MARSEILLAN;;;;04 67 35 30 70;
ULIS;;Enfant;;;ULIS COLLEGE RAY CHARLES;RUE DES COUSSES 34690 FABREGUES;;;;04 67 85 63 40;
ULIS;;Enfant;;;ULIS COLLEGE RENE CASSIN;RUE BALTHAZAR FLORET 34300 AGDE;;;;04 67 01 08 10;
ULIS;;Enfant;;;ULIS COLLEGE ROGER CONTREPAS;AVENUE EDMOND ROSTANG 34590 MARSILLARGUES;;;;04 67 83 42 80;
ULIS;;Enfant;;;ULIS COLLEGE SIMONE DE BEAUVOIR;ZONE ARTISANALE DE LA PEYRADE 34110 FRONTIGNAN LA PEYRADE;;;;04 67 80 91 00;
ULIS;;Enfant;;;ULIS COLLEGE VICTOR HUGO;AVENUE DE LA GARE 34550 BESSAN;;;;04 67 00 28 28;
ULIS;;Enfant;;;ULIS COLLEGE VICTOR HUGO;QUAI FRANCOIS MAILLOL 34200 SETE;;;;04 67 74 76 20;
ULIS;;Enfant;;;ULIS COLLEGE VINCENT BADIE;AVENUE GILBERT SENES 34570 MONTARNAUD;;;;04 99 62 31 70;
ULIS;;Enfant;;;ULIS EREA-LEA JEAN JACQUES ROUSSEAU;AVENUE DE LA COLLINE 34075 MONTPELLIER;;;;04 67 10 41 41;
ULIS;;Enfant;;;ULIS LYCEE JEAN MERMOZ;717, AVENUE JEAN MERMOZ 34000 MONTPELLIER;;;;04 67 20 60 00;
ULIS;;Enfant;;;ULIS LYCEE PROFESSIONNEL CHARLES ALLIES;24, BOULEVARD JOLIOT CURIE 34120 PEZENAS;;;;04 67 90 44 20;
ULIS;;Enfant;;;ULIS LYCEE PROFESSIONNEL CHARLES DE GAULLE;19, BOULEVARD JOLIOT CURIE BP 167 34203 SETE;;;;04 67 18 66 66;
ULIS;;Enfant;;;ULIS LYCEE PROFESSIONNEL GEORGES FRECHE;401, RUE TITIEN 34000 MONTPELLIER;;;;04 67 13 05 05;
ULIS;;Enfant;;;ULIS LYCEE PROFESSIONNEL JEAN MOULIN;19, AVENUE MARTYRS DE LA RESISTANCE 34500 BEZIERS;;;;04 67 35 59 35;
ULIS;;Enfant;;;ULIS LYCEE PROFESSIONNEL JULES FERRY;270, AVENUE DE LA COLLINE 34070 MONTPELLIER CEDEX 3;;;;04 67 10 74 01;
ULIS;;Enfant;;;ULIS LYCEE PROFESSIONNEL MENDES FRANCE;380, RUE DU MAS DE BROUSSE CS 26037 34060 MONTPELLIER;;;;04 67 13 35 00;
ULIS;;Enfant;;;ULIS LYCEE VICTOR HUGO;527, ZAC LA PETITE CAMARGUE 34400 LUNEL;;;;04 99 13 70 30;
ÉTABLISSEMENTS;;Adult;;;MAS ALEXANDRE JOLLIEN (ANCIENNEMENT LAMALOU LE HAUT);ROUTE DE SAINT GERVAIS COMBES 34240 LAMALOU LES BAINS;;;;04 67 95 75 30;
ÉTABLISSEMENTS;;Adult;;;MAS APARD - CENTRE APIGHREM;4, RUE DES OURGOUILLOUS 34270 SAINT MATHIEU DE TREVIERS;;;;04 67 55 16 00;
ÉTABLISSEMENTS;;Adult;;;MAS CAMILLE CLAUDEL;" RUE HECTOR BERLIOZ 34800 CLERMONT LHERAULT""";;;;04 67 88 42 45;
ÉTABLISSEMENTS;;Adult;;;MAS CENTRE SAINT PIERRE;BP 15 34290 MONTBLANC;;;;04 67 98 50 07;
ÉTABLISSEMENTS;;Adult;;;MAS DE MONTFLOURES;TRAVERSE DE COLOMBIERS 34500 BEZIERS;;;;04 67 49 89 62;
ÉTABLISSEMENTS;;Adult;;;MAS DU CENTRE PAUL COSTE FLORET;BP 3 34240 LAMALOU LES BAINS;;;;04 67 23 55 00;
ÉTABLISSEMENTS;;Adult;;;MAS FONTCOLOMBE;509, RUE DE CHATEAU BON 34080 MONTPELLIER;;;;04 67 13 41 20;
ÉTABLISSEMENTS;;Adult;;;MAS LA PARAGE;15 RUE DES AIGUES VIVES - BP52 34725 SAINT ANDRE DE SANGONIS;;;;04 67 57 00 50;
ÉTABLISSEMENTS;;Adult;;;MAS LES IV SEIGNEURS;1082, AVENUE DU PIC SAINT LOUP 34090 MONTPELLIER;;;;04 67 63 38 62;
ÉTABLISSEMENTS;;Adult;;;MAS LES SOLEILS (ANCIENNEMENT PROPARA);263, RUE DU CADUCEE  PARC EUROMEDECINE 34090 MONTPELLIER;;;;04 67 04 67 04;
ÉTABLISSEMENTS;;Adult;;;MAS PAYS DE THAU;1, AVENUE DU PIN 34140 MEZE;;;;04 99 57 23 10;
ÉTABLISSEMENTS;;Adult;;;MAS PERCE NEIGE;569, AVENUE GEORGES FRECHE (ANCIEN CHEMIN DU MAS DE ROCHET) 34170 CASTELNAU LE LEZ;;;;04 67 99 80 30;
ÉTABLISSEMENTS;;Adult;;;MAS SAINT VITAL;34240 COMBES;;;;04 67 23 52 00;
ÉTABLISSEMENTS;;Adult;;;FAM APARD - CENTRE APIGHREM;4 RUE DES OURGOUILLOUS  Z.A. LES AVANTS 34270 SAINT MATHIEU DE TREVIERS;;;;04 67 55 16 00;
ÉTABLISSEMENTS;;Adult;;;FAM ARCHIPEL DE MASSANE;1855, RUE DE SAINT-PRIEST 34090 MONTPELLIER;;;;04 99 77 26 40;
ÉTABLISSEMENTS;;Adult;;;FAM CENTRE SAINT PIERRE;BP 15 34290 MONTBLANC;;;;04 67 98 50 07;
ÉTABLISSEMENTS;;Adult;;;FAM DE MONTFLOURES;TRAVERSE DE COLOMBIERS 34500 BEZIERS;;;;04 67 49 89 54;
ÉTABLISSEMENTS;;Adult;;;FAM DOMAINE DE LA BRUYERE;DEPARTEMENTALE 171 34400 SAINT CHRISTOL;;;;04 67 86 48 09;
ÉTABLISSEMENTS;;Adult;;;FAM DU MILLENAIRE;341, RUE HIPPOLYTE FIZEAU -  ZAC DU MILLENAIRE 34000 MONTPELLIER;;;;04 67 20 21 15;
ÉTABLISSEMENTS;;Adult;;;FAM FRESCATIS;" 5, CHEMIN DAPPRAT BP 35 34220 SAINT PONS DE THOMIERES""";;;;04 67 97 90 70;
ÉTABLISSEMENTS;;Adult;;;FAM ISABELLE MARIE;" RUE DU PUIT DE LAMOUR 34310 QUARANTE""";;;;04 67 89 43 25;
ÉTABLISSEMENTS;;Adult;;;FAM LE GUILHEM;1804, AVENUE DU PERE SOULAS 34000 MONTPELLIER;;;;04 99 23 27 51;
ÉTABLISSEMENTS;;Adult;;;FAM LE HAMEAU DES HORIZONS;41, PLAN DES GARRIGUES 34830 CLAPIERS;;;;04 67 59 99 15;
ÉTABLISSEMENTS;;Adult;;;FAM LES COTEAUX DE SESAME;1, ROUTE DE MARGON 34480 POUZOLLES;;;;04 99 57 20 90;
ÉTABLISSEMENTS;;Adult;;;FAM LES FONTAINES DO;71, RUE HENRI NOGUERES  PARC EUROMEDECINE 34090 MONTPELLIER;;;;04 67 40 73 50;
ÉTABLISSEMENTS;;Adult;;;FAM LES IV SEIGNEURS;1082, AVENUE DU PIC SAINT LOUP 34090 MONTPELLIER;;;;04 67 63 38 62;
ÉTABLISSEMENTS;;Adult;;;FAM MAISON PERCE NEIGE;569, AVENUE GEORGES FRECHE (ANCIEN CHEMIN DU MAS DE ROCHET) 34170 CASTELNAU LE LEZ;;;;04 67 99 80 30;
ÉTABLISSEMENTS;;Adult;;;FAM ROBERT FALIU;PLAISANCE 34610 SAINT GENIES DE VARENSAL;;;;04 67 23 33 23;
ÉTABLISSEMENTS;;Adult;;;FAM STRUCTURE HENRI WALLON;285, RUE ROBERT KOCH  PARC EUROMEDECINE 2 34080 MONTPELLIER;;;;04 99 13 34 20;
ÉTABLISSEMENTS;;Adult;;;FOYER DE VIE ARCHIPEL DE MASSANE;1855, RUE DE SAINT PRIEST  PARC EUROMEDECINE 34090 MONTPELLIER;;;;04 99 77 26 40;
ÉTABLISSEMENTS;;Adult;;;FOYER DE VIE CANTAUSSELS (INTERNAT);TRAVERSE DE COLOMBIERS 34500 BEZIERS;;;;04 67 49 89 65;
ÉTABLISSEMENTS;;Adult;;;FOYER DE VIE CANTAUSSELS MONTFLOURES;RUE DE CANTAUSSELS 34440 NISSAN LEZ ENSERUNE;;;;04 67 49 89 65;
ÉTABLISSEMENTS;;Adult;;;FOYER DE VIE CENTRE HERAULT;" 2, RUE DE LEGALITE 34120 NEZIGNAN LEVEQUE""";;;;04 67 90 43 23;
ÉTABLISSEMENTS;;Adult;;;FOYER DE VIE DANIEL MAYER;CHEMIN DES ALICANTES 34400 LUNEL;;;;04 67 91 28 70;
ÉTABLISSEMENTS;;Adult;;;FOYER DE VIE ESPACE CAMILLE CLAUDEL;" ZAC DE FONTENAY RUE HECTOR BERLIOZ 34800 CLERMONT LHERAULT""";;;;04 67 88 42 45;
ÉTABLISSEMENTS;;Adult;;;FOYER DE VIE FRESCATIS;" CHEMIN DAPPRAT BP 35 34220 SAINT PONS DE THOMIERES""";;;;04 67 97 90 70;
ÉTABLISSEMENTS;;Adult;;;FOYER DE VIE HENRI WALLON;285, RUE ROBERT KOCH  PARC EUROMEDECINE II 34080 MONTPELLIER;;;;04 99 13 34 20;
ÉTABLISSEMENTS;;Adult;;;FOYER DE VIE ISABELLE MARIE;" RUE DU PUITS DE LAMOUR 34310 QUARANTE""";;;;04 67 89 43 25;
ÉTABLISSEMENTS;;Adult;;;FOYER DE VIE JEAN PIAGET;13, RUE MICHEL CLERC 34110 FRONTIGNAN LA PEYRADE;;;;04 67 18 45 80;
ÉTABLISSEMENTS;;Adult;;;FOYER DE VIE LHORIZON;7, AVENUE DE CASTELNAU 34090 MONTPELLIER;;;;04 67 72 69 00;
ÉTABLISSEMENTS;;Adult;;;FOYER DE VIE LE PARC (INTERNAT);227, RUE DU MAS DE VILLARET CS 35032 34076 MONTPELLIER;;;;04 67 27 10 70;
ÉTABLISSEMENTS;;Adult;;;FOYER DE VIE LES ARAMONS;63/175 RUE DU CADUCEE  PARC EUROMEDECINE 34195 MONTPELLIER;;;;04 67 04 43 88;
ÉTABLISSEMENTS;;Adult;;;FOYER DE VIE LES ECUREUILS;268, RUE DU CADUCEE  PARC EUROMEDECINE 34195 MONTPELLIER;;;;04 67 41 81 60;
ÉTABLISSEMENTS;;Adult;;;FOYER DE VIE LES TERRES BLANCHES (EXTERNAT);1804, AVENUE DU PERE SOULAS 34090 MONTPELLIER;;;;04 99 23 22 50;
ÉTABLISSEMENTS;;Adult;;;FOYER DE VIE MARQUEROSE (INTERNAT);162, RUE MARQUEROSE 34000 MONTPELLIER;;;;04 67 41 81 60;
ÉTABLISSEMENTS;;Adult;;;FOYER DE VIE THIERRY ALBOUY;10 RUE EVARISTE GALOIS  BP 3073 34514 BEZIERS;;;;04 67 35 84 84;
ÉTABLISSEMENTS;;Adult;;;FOYER ESAT CENTRE HERAULT;10, RUE LAENNEC  BP 100 34120 PEZENAS;;;;04 67 90 43 23;
ÉTABLISSEMENTS;;Adult;;;FOYER ESAT DU PLATEAU DES LACS;19, LOTISSEMENT RIEUCROS 34330 LA SALVETAT SUR AGOUT;;;;04 67 97 87 90;
ÉTABLISSEMENTS;;Adult;;;FOYER ESAT LE ROC CASTEL;156, RUE DES ECOLES 34520 LE CAYLAR;;;;04 67 44 50 22;
ÉTABLISSEMENTS;;Adult;;;FOYER ESAT LES COMPAGNONS DE MAGUELONE;DOMAINE DE MAGUELONE 34250 PALAVAS LES FLOTS;;;;04 67 50 63 63;
ÉTABLISSEMENTS;;Adult;;;FOYER ESAT LES HAUTES GARRIGUES;" 230, ALLEE DE LESPLANADE 34380 SAINT MARTIN DE LONDRES""";;;;04 67 55 42 83;
ÉTABLISSEMENTS;;Adult;;;FOYER ESAT LES LAVANDES;227, RUE DU MAS DE VILLARET  CS 35032 34076 MONTPELLIER;;;;04 67 27 10 70;
ÉTABLISSEMENTS;;Adult;;;FOYER ESAT PAYS DE THAU;CS 97001 34110 FRONTIGNAN;;;;04 67 18 48 60;
ÉTABLISSEMENTS;;Adult;;;FOYER ESAT ROBERT BADINTER;CHEMIN DES ALICANTES 34400 LUNEL;;;;04 67 91 28 71;
ÉTABLISSEMENTS;;Adult;;;FOYER ESAT ROBERT FALIU;PLAISANCE 34610 SAINT GENIES DE VARENSAL;;;;04 67 23 33 23;
ÉTABLISSEMENTS;;Adult;;;FOYER ESAT SEVERINE;24 RUE ARGENCE  RESIDENCE ARGENCE 34500 BEZIERS;;;;04 67 49 97 48;
ÉTABLISSEMENTS;;Adult;;;FOYER ESAT THIERRY ALBOUY;10 RUE EVARISTE GALOIS  BP 3073 34514 BEZIERS;;;;04 67 35 84 84;
ÉTABLISSEMENTS;;Adult;;;FOYER LOGEMENT  LES ECUREUILS;268, RUE DU CADUCEE  PARC EUROMEDECINE 34195 MONTPELLIER CEDEX 5;;;;04 67 41 81 60;
ÉTABLISSEMENTS;;Adult;;;FOYER LOGEMENT HENRI WALLON;357, AVENUE DU PROFESSEUR JEAN-LOUIS VIALA 34080 MONTPELLIER;;;;04 99 13 34 20;
ÉTABLISSEMENTS;;Adult;;;FOYER LOGEMENT LE BOUQUET DES GARRIGUES;CS 97001 34110 FRONTIGNAN;;;;04 67 18 48 60;
ÉTABLISSEMENTS;;Adult;;;FOYER LOGEMENT LE COLIBRI;227, RUE DU MAS DE VILLARET  CS 35032 34076 MONTPELLIER;;;;04 67 27 10 70;
ÉTABLISSEMENTS;;Adult;;;FOYER LOGEMENT LES COMPAGNONS DE MAGUELONE;DOMAINE DE MAGUELONE 34250 PALAVAS LES FLOTS;;;;04 67 50 63 63;
ÉTABLISSEMENTS;;Adult;;;FOYER LOGEMENT LES GRANDS ARBRES;CHEMIN DE CASSILLAC 34380 VIOLS LE FORT;;;;04 67 55 01 01;
ÉTABLISSEMENTS;;Adult;;;FOYER LOGEMENT LES HAUTES GARRIGUES;" 230, ALLEE DE LESPLANADE 34380 SAINT MARTIN DE LONDRES""";;;;04 67 55 42 83;
ÉTABLISSEMENTS;;Adult;;;FOYER LOGEMENT MA RESIDENCE;18, AVENUE DE LA GARDIE 34510 FLORENSAC;;;;04 67 77 00 65;
ÉTABLISSEMENTS;;Adult;;;FOYER LOGEMENT PLAISANCE;34610 SAINT GENIES DE VARENSAL;;;;04 67 23 33 23;
INSERTION PROFESSIONNELLE;;Adult;;;ESAT APF;8, RUE DU LANTISSARGUES 34070 MONTPELLIER;;;;04 67 92 11 90;
INSERTION PROFESSIONNELLE;;Adult;;;ESAT ATELIERS KENNEDY;285, RUE DU MAS DE PRUNET 34070 MONTPELLIER;;;;04 67 42 62 78;
INSERTION PROFESSIONNELLE;;Adult;;;ESAT CATAR;9, AVENUE DE LA GARE DU MIDI 34120 PEZENAS;;;;04 67 90 43 23;
INSERTION PROFESSIONNELLE;;Adult;;;ESAT CENTRE THIERRY ALBOUY;10 RUE EVARISTE GALOIS  BP 3073 34514 BEZIERS;;;;04 67 35 84 84;
INSERTION PROFESSIONNELLE;;Adult;;;ESAT DE MONTFLOURES VIA EUROPA;" ZAE VIA EUROPA 3, AVENUE DE LEUROPE 34350 VENDRES""";;;;04 67 39 49 68;
INSERTION PROFESSIONNELLE;;Adult;;;ESAT DE PLAISANCE;34610 SAINT GENIES DE VARENSAL;;;;04 67 23 60 29;
INSERTION PROFESSIONNELLE;;Adult;;;"ESAT HORS LES MURS ""LA PALANCA""";UGECAM - CRIP 435, AVENUE GEORGES FRECHE CS 10010 34173 CASTELNAU LE LEZ CEDEX;;;;04 67 33 18 00;
INSERTION PROFESSIONNELLE;;Adult;;;ESAT LENVOL;369 RUE BLAISE PASCAL  BP 52  P.A. LA GARRIGUE 34172 CASTELNAU LE LEZ;;;;04 67 02 92 80;
INSERTION PROFESSIONNELLE;;Adult;;;ESAT LENVOL;Rue des Lierles CS 97001 34115 FRONTIGNAN;;;;04 67 43 23 99;
INSERTION PROFESSIONNELLE;;Adult;;;ESAT LA BULLE BLEUE;285, RUE DU MAS PRUNET 34070 MONTPELLIER;;;;04 67 42 18 61;
INSERTION PROFESSIONNELLE;;Adult;;;ESAT LA CROIX VERTE;455, RUE DE LA CROIX VERTE 34090 MONTPELLIER;;;;04 67 04 13 76;
INSERTION PROFESSIONNELLE;;Adult;;;ESAT LE ROC CASTEL;156, RUE DES ECOLES 34520 LE CAYLAR;;;;04 67 44 50 22;
INSERTION PROFESSIONNELLE;;Adult;;;ESAT LES ATELIERS DE LA VALLEE DE LHERAULT;5, CHEMIN DES USINES 34510 FLORENSAC;;;;04 67 77 01 39;
INSERTION PROFESSIONNELLE;;Adult;;;ESAT LES ATELIERS DE SAPORTA;DOMAINE DE SAPORTA 34970 LATTES;;;;04 67 92 12 15;
INSERTION PROFESSIONNELLE;;Adult;;;ESAT LES ATELIERS DU GARRIC;" DOMAINE DE LA PAUSE ROUTE DANGLES 34330 LA SALVETAT SUR AGOUT""";;;;04 67 97 61 24;
INSERTION PROFESSIONNELLE;;Adult;;;ESAT LES COMPAGNONS DE MAGUELONE;DOMAINE DE MAGUELONE 34250 PALAVAS LES FLOTS;;;;04 67 50 63 63;
INSERTION PROFESSIONNELLE;;Adult;;;ESAT LES HAUTES GARRIGUES;ZONE ARTISANALE ROUTE DE FROUZET 34380 SAINT MARTIN DE LONDRES;;;;04 67 55 15 99;
INSERTION PROFESSIONNELLE;;Adult;;;ESAT PEYREFICADE;ROUTE DE LA GARE 34750 VILLENEUVE LES MAGUELONNE;;;;04 67 69 41 09;
INSERTION PROFESSIONNELLE;;Adult;;;ESAT VIA DOMITIA;CHEMIN DES ALICANTES 34400 LUNEL;;;;04 67 86 48 00;
INSERTION PROFESSIONNELLE;;Adult;;;SECTION ANNEXE ESAT ATELIERS KENNEDY;285, RUE DU MAS DE PRUNET 34070 MONTPELLIER;;;;04 67 42 62 78;
INSERTION PROFESSIONNELLE;;Adult;;;SECTION ANNEXE ESAT DE LAPF;8, RUE DU LANTISSARGUES 34070 MONTPELLIER;;;;04 67 92 11 90;
INSERTION PROFESSIONNELLE;;Adult;;;SECTION ANNEXE ESAT LENVOL;369 RUE BLAISE PASCAL  BP 52  P.A. LA GARRIGUE 34172 CASTELNAU LE LEZ;;;;04 67 02 92 80;
INSERTION PROFESSIONNELLE;;Adult;;;SECTION ANNEXE ESAT LES HAUTES GARRIGUES;ZAE ROUTE DE FROUZET 34380 SAINT MARTIN DE LONDRES;;;;04 67 55 15 99;
INSERTION PROFESSIONNELLE;;Adult;;;SECTION ANNEXE ESAT VIA EUROPA;" VIA EUROPA 3, AVENUE DE LEUROPE 34350 VENDRES""";;;;04 67 49 89 68;
INSERTION PROFESSIONNELLE;;Adult;;;SECTION ANNEXE LES ATELIERS DE SAPORTA;DOMAINE DE SAPORTA 34970 LATTES;;;;04 67 92 12 15;
INSERTION PROFESSIONNELLE;;Adult;;;ENTREPRISE ADAPTEE APF ENTREPRISES 34;ZAC PARC EUREKA 301, AVENUE DU WALHALLA 34000 MONTPELLIER;;;;04 67 92 87 19;
INSERTION PROFESSIONNELLE;;Adult;;;ENTREPRISE ADAPTEE DE LETANG DE LOR;650, RUE BLAISE PASCAL  BP 52 P.A. LA GARRIGUE 34172 CASTELNAU LE LEZ;;;;04 67 02 92 80;
INSERTION PROFESSIONNELLE;;Adult;;;ENTREPRISE ADAPTEE DES HAUTES GARRIGUES;ZAE ROUTE DE FROUZET 34080 SAINT MARTIN DE LONDRES;;;;04 67 55 15 99;
INSERTION PROFESSIONNELLE;;Adult;;;ENTREPRISE ADAPTEE EAOS SERVICES;" 212, RUE DE LARTISANAT 34400 LUNEL""";;;;04 67 42 41 79;
INSERTION PROFESSIONNELLE;;Adult;;;ENTREPRISE ADAPTEE GDEAS;625, RUE DE LA SALADELLE 34130 SAINT-AUNES;;;;04 67 10 93 12;
INSERTION PROFESSIONNELLE;;Adult;;;ENTREPRISE ADAPTEE HANKOR PVC;" ZAE LES TANNES BASSES 34800 CLERMONT LHERAULT""";;;;04 67 88 05 70;
INSERTION PROFESSIONNELLE;;Adult;;;ENTREPRISE ADAPTEE LATELIER DU PAPIER SOLEIL;ZI DE LA LAUZE 33, RUE SAINT EXUPERY 34430 SAINT JEAN DE VEDAS;;;;04 99 53 36 83;
INSERTION PROFESSIONNELLE;;Adult;;;ENTREPRISE ADAPTEE LES ATELIERS DE LA VALLEE DE LHERAULT;5, CHEMIN DES USINES 34510 FLORENSAC;;;;04 67 77 01 39;
INSERTION PROFESSIONNELLE;;Adult;;;ENTREPRISE ADAPTEE LES ATELIERS DE SAPORTA;DOMAINE DE SAPORTA 34970 LATTES;;;;04 67 92 12 15;
INSERTION PROFESSIONNELLE;;Adult;;;ENTREPRISE ADAPTEE NODIXIA RECYCLING SERVICES;590, RUE DU ROUCAGNIER ZAC DU ROUCAGNIER 34400 LUNEL;;;;04 99 51 27 68;
INSERTION PROFESSIONNELLE;;Adult;;;ENTREPRISE ADAPTEE PLANETECO RECYCLAGE;Z.I. DE LA LAUZE 33, RUE SAINT-EXUPERY 34330 SAINT JEAN DE VEDAS;;;;06 75 57 36 09;
INSERTION PROFESSIONNELLE;;Adult;;;ENTREPRISE ADAPTEE TALARON SERVICES;" BAT. HELENE\n222, RUE DODIN 34000 MONTPELLIER""";;;;04 11 28 00 30;
INSERTION PROFESSIONNELLE;;Adult;;;ENTREPRISE ADAPTEE TRIADE AVENIR SUD;169 CHEMIN DES THERMES 34170 CASTELNAU LE LEZ;;;;04 67 72 67 55;
INSERTION PROFESSIONNELLE;;Adult;;;ENTREPRISE ADAPTEE VIA EUROPA;" ZAE VIA EUROPA 3, AVENUE DE LEUROPE 34350 VENDRES""";;;;04 67 39 49 68;
INSERTION PROFESSIONNELLE;;Adult;;;CENTRE DE REEDUCATION ET DINSERTION PROFESSIONNELLE (CRIP);435 AVENUE GEORGES FRECHE CS 10010 34173 CASTELNAU LE LEZ;;;;04 67 33 18 00;
INSERTION PROFESSIONNELLE;;Adult;;;PREORIENTATION;435, AVENUE GEORGES FRECHE CS 10010 34173 CASTELNAU LE LEZ;;;;04 67 33 18 00;
INSERTION PROFESSIONNELLE;;Adult;;;UNITE DE REINSERTION DES TRAUMATISES (URT);BP 3 34240 LAMALOU LES BAINS;;;;04 67 23 56 07;
INSERTION PROFESSIONNELLE;;Adult;;;CENTRE DE REEDUCATION ET DINSERTION PROFESSIONNELLE (CRIP);435 AVENUE GEORGES FRECHE CS 10010 34173 CASTELNAU LE LEZ;;;;04 67 33 18 00;
INSERTION PROFESSIONNELLE;;Adult;;;PREORIENTATION;435, AVENUE GEORGES FRECHE CS 10010 34173 CASTELNAU LE LEZ;;;;04 67 33 18 00;
INSERTION PROFESSIONNELLE;;Adult;;;UEROS;435, AVENUE GEORGES FRECHE CS 10010 34173 CASTELNAU LE LEZ;;;;04 67 33 18 00;
SERVICES DACCOMPAGNEMENT;;Adult;;;SAVS - SIMES (SERVICE DINTERPRETATION DE MEDIATION POUR SOURD);866, AVENUE DU PROFESSEUR LOUIS RAVAS IMMEUBLE LE MAZET 34080 MONTPELLIER;;;;04 67 60 21 54;
SERVICES DACCOMPAGNEMENT;;Adult;;;SAVS AIRIS;100, RUE LEJZER ZAMENHOF 34080 MONTPELLIER;;;;04 67 75 04 65;
SERVICES DACCOMPAGNEMENT;;Adult;;;SAVS APF - LE CAP POLE EST;7, RUE DE LANTISSARGUES 34070 MONTPELLIER;;;;04 67 10 42 82;
SERVICES DACCOMPAGNEMENT;;Adult;;;SAVS APF - LE CAP POLE OUEST;CENTRE SAINT PIERRE 34290 MONTBLANC;;;;04 67 31 12 53;
SERVICES DACCOMPAGNEMENT;;Adult;;;SAVS CENTRE HERAULT;10, RUE LAENNEC  BP 100 34120 PEZENAS;;;;04 67 90 43 23;
SERVICES DACCOMPAGNEMENT;;Adult;;;SAVS DE PLAISANCE;34610 SAINT GENIES DE VARENSAL;;;;04 67 23 33 23;
SERVICES DACCOMPAGNEMENT;;Adult;;;SAVS FRESCATIS;19, LOTISSEMENT RIEUCROS 34330 LA SALVETAT SUR AGOUT;;;;04 67 97 87 93;
SERVICES DACCOMPAGNEMENT;;Adult;;;SAVS LE CAROUX;1, RUE DES FRERES 34330 LA SALVETAT SUR AGOUT;;;;04 67 97 87 90;
SERVICES DACCOMPAGNEMENT;;Adult;;;SAVS LIS AURETO;1804, AVENUE DU PERE SOULAS 34090 MONTPELLIER;;;;04 67 02 25 62;
SERVICES DACCOMPAGNEMENT;;Adult;;;SAVS LOU CAMIN;RUE PIERRE FLOURENS  PARC EUROMEDECINE II - BAT C 34090 MONTPELLIER;;;;04 67 04 00 30;
SERVICES DACCOMPAGNEMENT;;Adult;;;SAVS MA RESIDENCE;16, AVENUE DE LA GARDIE 34510 FLORENSAC;;;;04 67 77 00 65;
SERVICES DACCOMPAGNEMENT;;Adult;;;SAVS TERRITOIRE DU LUNELLOIS;450, AVENUE DES ABRIVADOS  CENTRE ATHENA - BT. B 34400 LUNEL;;;;04 67 83 65 42;
SERVICES DACCOMPAGNEMENT;;Adult;;;SAVS TONY LAINE;1882, RUE DE MALBOSC  PARC EUROMEDECINE II 34080 MONTPELLIER;;;;04 67 58 69 32;
SERVICES DACCOMPAGNEMENT;;Adult;;;SAMSAH - SAPPA (SERVICE DADAPTATION POUR PERSONNES AVEUGLES GRAVEMENT MALVOYANTES) DE LA FAF-LR;420, ALLEE HENRI II DE MONTMORENCY 34000 MONTPELLIER;;;;04 67 50 50 60;
SERVICES DACCOMPAGNEMENT;;Adult;;;SAMSAH APF;7, RUE DE LANTISSARGUES 34070 MONTPELLIER;;;;04 67 10 42 82;
SERVICES DACCOMPAGNEMENT;;Adult;;;SAMSAH APF - MONTBLANC;CENTRE SAINT PIERRE 34290 MONTBLANC;;;;04 67 31 12 53;
SERVICES DACCOMPAGNEMENT;;Adult;;;SAMSAH AVH;22, boulevard Yves Nat 34500 BEZIERS;;;;04 67 93 36 34;
SERVICES DACCOMPAGNEMENT;;Adult;;;SAMSAH GIHP;1 CHEMIN DE BORIE - PARC DE BELLEGARDE 34170 CASTELNAU LE LEZ;;;;04 67 02 93 31;
SERVICES DACCOMPAGNEMENT;;Adult;;;SAMSAH LES VENTS DU SUD;95, RUE PIERRE FLOURENS  BAT.C 34090 MONTPELLIER;;;;04 67 04 33 80;
SERVICES DACCOMPAGNEMENT;;Adult;;;SAMSAH TONY LAINE;1882, RUE DE MALBOSC  PARC EUROMEDECINE II 34080 MONTPELLIER;;;;04 67 58 69 32;
SERVICES DACCOMPAGNEMENT;;Adult;;;CLUB DACCUEIL GEM BEZIERS;26, AVENUE JEAN MOULIN 34500 BEZIERS;;;;04 67 90 24 79;
SERVICES DACCOMPAGNEMENT;;Adult;;;CLUB DACCUEIL GEM GAMBETTA;12 BIS, BOULEVARD PASTEUR 34000 MONTPELLIER;;;;04 67 57 77 13;
SERVICES DACCOMPAGNEMENT;;Adult;;;CLUB DACCUEIL GEM LESSEPS;356, RUE FERDINAND DE LESSEPS 34000 MONTPELLIER;;;;04 67 58 83 57;
SERVICES DACCOMPAGNEMENT;;Adult;;;GEM JANUS 34;1445, ROUTE DE MENDE 34090 MONTPELLIER;;;;04 67 04 87 68;
SERVICES DACCOMPAGNEMENT;;Adult;;;GEM LES BEAUX-ARTS DES T.C.;134, RUE DE THEBES 34000 MONTPELLIER;;;;04 67 92 57 37;
SERVICES DACCOMPAGNEMENT;;Adult;;;GEM RABELAIS - CLUB SERVICES LOISIRS;49, BOULEVARD RABELAIS 34000 MONTPELLIER;;;;04 67 99 65 04 / 06 16 73 40 78;
CENTRES COMMUNAUX DACTION SOCIALE;;;;;BAILLARGUES (34670) : CCAS BAILLARGUES;25 PLACE DE THERMIDOR 34000 MONTPELLIER;43,6019239;3,8989501;;04 67 87 81 76;
CENTRES COMMUNAUX DACTION SOCIALE;;;;;BESSAN (34550) : CCAS BESSAN;PLACE DE LHOTEL DE VILLE 34550 BESSAN;43,3583044;3,4259519;;04 67 00 81 81;
CENTRES COMMUNAUX DACTION SOCIALE;;;;;BEZIERS (34500) : CCAS DE BEZIERS;14 RUE BOIELDIEU 34500 BEZIERS;43,3429654;3,2176374;;04 67 49 84 60;
CENTRES COMMUNAUX DACTION SOCIALE;;;;;CAPESTANG (34310) : CCAS DE CAPESTANG;Mairie 34310 CAPESTANG;43,3282585;3,043313;;04 67 93 30 05;
CENTRES COMMUNAUX DACTION SOCIALE;;;;;CASTELNAU LE LEZ (34170) : CCAS DE CASTELNAU-LE-LEZ;2 RUE DE LA CROUZETTE 34170 CASTELNAU LE LEZ;43,632678;3,8980111;;04 67 14 27 28;
CENTRES COMMUNAUX DACTION SOCIALE;;;;;CLERMONT L HERAULT (34800) : CCAS CLERMONT LHERAULT;PLACE DE LA MAIRIE 34800 CLERMONT L HERAULT;43,6274737;3,429669;;04 67 88 87 18;
CENTRES COMMUNAUX DACTION SOCIALE;;;;;FRONTIGNAN (34110) : CCAS DE FRONTIGNAN;12 AVENUE JEAN MOULIN 34110 FRONTIGNAN;43,4475236;3,7497975;;04 67 18 50 03;
CENTRES COMMUNAUX DACTION SOCIALE;;;;;GIGNAC (34150) : CCAS GIGNAC;MAIRIE PLACE DE LANCIENNE GENDARMERIE 34150 GIGNAC;43,6530197;3,5511947;;04 67 57 50 02;
CENTRES COMMUNAUX DACTION SOCIALE;;;;;LAURENS (34480) : CCAS DE LAURENS;1 RUE DU CHÂTEAU 34480 LAURENS;43,5239474;3,1967846;;04 67 90 28 02;
CENTRES COMMUNAUX DACTION SOCIALE;;;;;LE POUGET (34230) : CCAS LE POUGET;Mairie 34230 LE POUGET;43,5909526;3,5254828;;04 67 96 71 09;
CENTRES COMMUNAUX DACTION SOCIALE;;;;;LODEVE (34700) : CCAS DE LODEVE;Mairie 34700 LODEVE;43,7324703;3,3172596;;04 67 44 00 17;
CENTRES COMMUNAUX DACTION SOCIALE;;;;;MARAUSSAN (34370) : CCAS DE MARAUSSAN;CCAS DE MARAUSSAN 34370 MARAUSSAN;43,3689555;3,1552606;;04 67 90 09 20;
CENTRES COMMUNAUX DACTION SOCIALE;;;;;MEZE (34140) : CCAS MEZE;MAIRIE PLACE MASSAL 34140 MEZE;43,4255947;3,6070267;;04 67 43 60 67;
CENTRES COMMUNAUX DACTION SOCIALE;;;;;MONTAGNAC (34530) : CCAS MONTAGNAC;6 PLACE EMILE COMBES 34530 MONTAGNAC;43,4800635;3,4840008;;04 67 49 86 86;
CENTRES COMMUNAUX DACTION SOCIALE;;;;;MONTPELLIER (34000) : CCAS MONTPELLIER;CCAS MONTPELLIER 125 PLACE DE THERMIDOR BP 9511 34000 MONTPELLIER;43,6021369;3,8991452;;04 99 52 77 00;
CENTRES COMMUNAUX DACTION SOCIALE;;;;;MURVIEL LES BEZIERS (34490) : CCAS MURVIEL LES BEZIERS;CCAS MURVIEL LES BEZIERS MAIRIE PLACE GEORGES CLEMENCEAU 34490 MURVIEL LES BEZIERS;43,4399282;3,1436333;;;
CENTRES COMMUNAUX DACTION SOCIALE;;;;;NEZIGNAN L EVEQUE (34120) : CCAS NEZIGNAN LEVEQUE;MAIRIE AVENUE TOURBES 34120 NEZIGNAN L EVEQUE;43,4221707;3,4063998;;;
CENTRES COMMUNAUX DACTION SOCIALE;;;;;PAULHAN (34230) : CCAS PAULHAN;CCAS PAULHAN MAIRIE 19 COUR NATIONAL 34230 PAULHAN;43,5398143;3,4583468;;;
CENTRES COMMUNAUX DACTION SOCIALE;;;;;PEZENAS (34120) : CCAS PEZENAS;CCAS PEZENAS 6 RUE MASSILLON 34120 PEZENAS;43,4597291;3,4216633;;;
CENTRES COMMUNAUX DACTION SOCIALE;;;;;SAINT BAUZILLE DE LA SYLVE (34230) : CCAS ST BAUZILLE DE LA SYLVE;CCAS ST BAUZILLE DE LA SYLVE 34230 SAINT BAUZILLE DE LA SYLVE;43,616729;3,548027;;;
CENTRES COMMUNAUX DACTION SOCIALE;;;;;SAINT PARGOIRE (34230) : CCAS SAINT PARGOIRE;MAIRIE 34230 SAINT PARGOIRE;43,528019;3,518761;;;
CENTRES COMMUNAUX DACTION SOCIALE;;;;;SAINT THIBERY (34630) : CCAS SAINT THIBERY;CCAS SAINT THIBERY MAIRIE 34630 SAINT THIBERY;43,3898738;3,4044187;;;
CENTRES COMMUNAUX DACTION SOCIALE;;;;;SERVIAN (34290) : CCAS SERVIAN;70 GRAND RUE 34290 SERVIAN;43,4271109;3,294973;;;
CENTRES COMMUNAUX DACTION SOCIALE;;;;;SETE (34200) : CCAS SETE;8 RUE GABRIEL PERI 34200 SETE;43,4053353;3,6957346;;;
CENTRES COMMUNAUX DACTION SOCIALE;;;;;TEYRAN (34820) : CCAS TEYRAN;MAIRIE PLACE DE LEGLISE 34820 TEYRAN;43,721696;3,92395;;;
CENTRES COMMUNAUX DACTION SOCIALE;;;;;THEZAN LES BEZIERS (34490) : CCAS THEZAN LES BEZIERS;CCAS THEZAN LES BEZIERS 34490 THEZAN LES BEZIERS;43,421409;3,169755;;;
CENTRES COMMUNAUX DACTION SOCIALE;;;;;VENDRES (34350) : CCAS VENDRES;CCAS VENDRES 34350 VENDRES;43,269435;3,225202;;;
CENTRES COMMUNAUX DACTION SOCIALE;;;;;VILLENEUVE LES BEZIERS (34420) : CCAS DE VILLENEUVE LES BEZIERS;1 RUE MARIANNE 34420 VILLENEUVE LES BEZIERS;43,320774;3,284153;;;
CENTRES COMMUNAUX DACTION SOCIALE;;;;;VILLENEUVE LES MAGUELONE (34750) : CCAS VILLENEUVE LES MAGUELONNE;CCAS VILLENEUVE LES MAGUELONNE BP 15 34750 VILLENEUVE LES MAGUELONE;43,532977;3,862019;;;
CULTURE;;;;;MAISONS POUR TOUS ;;;;;;https://www.montpellier.fr/3791-maisons-pour-tous.htm
ACTIVITÉS EN MILIEU ORDINAIRE;;;;;ACTIVITÉS  INCLUSION LOISIRS  ;;;;;;https://www.halte-pouce.fr/ressources/profitez-davantage-des-activites-en-milieu-ordinaire
SECTEUR SOCIAL;;;;;ANTENNES DE LA SOLIDARITÉ;;;;;;https://www.halte-pouce.fr/ressources/les-antennes-de-la-solidarite-pres-de-chez-vous
ASSOCIATIONS;FÉDÉRATION;;;;COMITÉ DE LIAISON;;;;;;https://clcph.fr/category/association/
ASSOCIATIONS;DANSE;;;;MANQUE PAS DAIR;1 rue de Roussel - 34150 Puéchabon;43,7144213;3,6172121;;06 37 08 97 67;https://www.halte-pouce.fr/ressources/lassociation-manque-pas-dair-accueille-la-difference
ASSOCIATIONS;NATURE;;;;CENTRE DE PLEINE NATURE;4 avenue du chemin neuf  34190SAINT-BAUZILLE-DE-PUTOIS;43,9049666;3,7374796;;04 67 73 70 30;https://www.halte-pouce.fr/ressources/centre-de-pleine-nature-station-cevennes
ASSOCIATIONS;ESPACE JEUX;;;;SENSAS;;;;;06 18 78 37 40  ;https://www.halte-pouce.fr/ressources/sensas-un-lieu-unique-pour-mettre-vos-5-sens-a-lepreuve-en-famille-et-soutenir-halte-pouce
ASSOCIATIONS;AUTISME ASPERGER;;;;CAFÉ ATYPIE;;;;;;https://www.halte-pouce.fr/ressources/un-cafe-asperger-un-mardi-sur-deux-a-montpellier
ASSOCIATIONS;SURDITÉ;;;;SURDI 34;57, rue Raymond-Dugrand 34000  MONTPELLIER;43,6051382;3,8995172;;07 87 63 49 69;https://www.surdi34.fr/
ASSOCIATIONS;NATATION;;;;SWIMMING COOL;;;;;06 09 08 06 87;https://www.halte-pouce.fr/ressources/Piscine-et-handicap-a-Montpellier
ASSOCIATIONS;RANDONNÉES;;;;M.O.H.I.C.A.N.S;;;;;06 99 77 80 39 ;https://www.halte-pouce.fr/ressources/Association-Mohicans
ASSOCIATIONS;LOISIRS ;;;;AU PAYS DES CARRIOLES;Mas Amadou - 34150 La Boissière;43,635174;3,626126;;04 67 59 64 14;https://www.halte-pouce.fr/ressources/au-pays-des-carrioles-un-parc-de-loisirs-insolite-et-accessible-a-la-boissiere
ASSOCIATIONS;LOISIRS - RENCONTRE;;;;UN SOURIRE EN CHANTANT;;;;;06 09 38 13 50 ;https://www.halte-pouce.fr/ressources/lassociation-un-sourire-en-chantant
ASSOCIATIONS;ATELIERS;;;;SAUDADE;7 rue pages Montpellier 34000;43,6084729;3,8663853;;06 21 70 41 63;https://www.halte-pouce.fr/ressources/association-saudade-des-ateliers-ouverts-a-toutes-les-differences
ASSOCIATIONS;ATELIERS;;;;ATELIERS ADAPTÉS;Maison des jeunes et de la culture de Teyran;43,682702;3,925559;;06 81 21 69 09;https://www.halte-pouce.fr/ressources/ateliers-adaptes-tous-handicaps-a-teyran
ASSOCIATIONS;SPORTS;;;;HANDISPORT;67 rue des Razeteurs 34070 Montpellier;43,5956654;3,8842673;;04 67 67 38 99;https://www.halte-pouce.fr/ressources/montpellier-club-handisport-mch-34-tous-faits-pour-le-sport
ASSOCIATIONS;ÂNES;;;;HANDI-ÂNE;36, avenue J-B Dumas - 30100 ALES;44,1355499;4,0811653;;06 65 64 85 40;https://www.halte-pouce.fr/ressources/balades-adaptees-a-dos-danes-association-handiane
ASSOCIATIONS;PARENTALITÉ;;;;PARENTALITÉ 34;260 rue du Puech Radier 34970 Lattes – Montpellier;43,578146;3,8795703;;06 11 93 42 63;https://www.halte-pouce.fr/ressources/parentalite-34
ASSOCIATIONS;LOISIRS - RENCONTRES;;;;YARRIVAREM;53 bis, rue Clément Mirabel - 34660 COURNONTERRAL;43,5578009;3,7215849;;;https://www.halte-pouce.fr/ressources/association-yarrivarem-34
ASSOCIATIONS;DANSE;;;;MOZAÏK;;;;;06 11 59 38 86;https://www.halte-pouce.fr/ressources/association-mozaik-danse
ASSOCIATIONS;DYS;;;;APEDYS;;;;;;https://www.halte-pouce.fr/ressources/association-apedys-herault-association-regionale-de-parents-denfants-et-dadultes-dyslexiques
ASSOCIATIONS;AUTISME;;;;PIC AUTISME;366 alllée du Haut Lirou - 34270 LE TRIADOU;;;;06 29 79 10 37;https://www.halte-pouce.fr/ressources/lassociation-pic-autisme-trisomie-dans-lherault
ASSOCIATIONS;LOISIRS - RANDONNÉES;;;;CARAVANE;19 rue Charles Sauvage - 34830 Jacou;;;asso-caravane@orange.fr;;https://www.halte-pouce.fr/ressources/association-caravane-34
ASSOCIATIONS;AUTISME;;;;OZ;16 Bd Joliot Curie - 34200 Sète;;;associationoz34@gmail.com;07 83 67 97 81;https://www.halte-pouce.fr/ressources/L-association-OZ-a-Sete
ASSOCIATIONS;ÂNES;;;;BEAU NEZ DÂNE;;;;contact@beaunezdane.com;06 03 35 10 02;https://www.halte-pouce.fr/ressources/association-beau-nez-dAne
ASSOCIATIONS;ÂNES;;;;TITÂNE;Aniane - Saint Guilhem le désert, sortie n ° 60 34 150 Gignac;;;ourcival.equitherapie@gmail.com;07 85 95 14 46;https://www.halte-pouce.fr/ressources/Equitherapie-a-gignac
ASSOCIATIONS;CIRQUE+1:1048576;;;;ZÉPÉTRA;153 rue Alphonse Beau De Rochas - 34 170 Castelnau le Lez;;;;04 86 11 11 25;https://www.halte-pouce.fr/ressources/des-cours-adaptes-de-cirque-avec-zepetra-a-castelnau-le-lez
ASSOCIATIONS;MUSIQUE;;;;MUSIKA;15 rue du Mas de Lemasson  RDCH 34070 Montpellier.;;;; 06 99 04 49 49;https://www.halte-pouce.fr/ressources/handi-musique-sur-montpellier-avec-musika
ASSOCIATIONS;MUSIQUE;;;;MUSIQUE & HANDICAP;;;;musique.handicaps.mediterranee@gmail.com;07.69.05.27.87;https://www.halte-pouce.fr/ressources/association-musique-et-handicaps-mediterranee-a-montpellier
ASSOCIATIONS;ÉQUITHÉRAPIE;;;;LES COLOMBIERS;Mas de Mazet - 34150 GIGNAC;;;;06 50 66 32 52;https://www.halte-pouce.fr/ressources/equitherapie-mediation-animale-a-gignac-34
ASSOCIATIONS;DYS;;;;DMF;;;;;;https://www.halte-pouce.fr/ressources/association-dyspraxique-mais-fantastique-34-dmf34
ASSOCIATIONS;ÉQUITHÉRAPIE;;;;POIL DE PAROLE;;;;poildeparole.fd@gmail.com;06 07 03 17 97;https://www.halte-pouce.fr/ressources/POIL-DE-PAROLE-Mediation-animale
ASSOCIATIONS;INSERTION JEUNES;;;;CAP A CITÉ;4 Avenue de lÉcole dAgriculture Gabriel Buchet - 34000 Montpellier;;;;06 10 90 64 47/  09 84 48 54 28;https://www.halte-pouce.fr/ressources/Association-Cap-A-Cites-a
ASSOCIATIONS;RANDONNÉES;;;;HANDICAP ÉVASION;10, rue du Général Mathieu Dumas - 34000 Montpellier;;;handicapevasion3034@gmail.com;04 67 68 30 38;https://www.halte-pouce.fr/ressources/Handicap-evasion-La-randonnee-pour
GÎITES ADAPTÉS;;;;;ÉVEIL & PARTAGE;3 rue des Coulmiers - 34620 Puisserguier;;;eveilpartage@sfr.fr;06 28 04 03 19;https://www.halte-pouce.fr/ressources/Eveil-et-partage-gites-de-vacances-pour-sejours-adaptes
GÎITES ADAPTÉS;;;;;JFJV;285 rue Gilles Roberval 30915 NÎMES Cedex 2;;;;04 66 26 91 94;https://www.halte-pouce.fr/ressources/vacances-adaptees-avec-lassociation-je-fais-ce-que-je-veux-jfjv
GÎITES ADAPTÉS;;;;;REGAINS;;;;;;https://www.halte-pouce.fr/ressources/association-regains-sejours-we-pour-adulte-handicapes-mentaux
SANTÉ;CONSULTATIONS;;;;HANDICONSULT 34;;;;;;https://www.halte-pouce.fr/ressources/acces-aux-soins-des-personnes-en-situation-de-handicap-handiconsult34
SANTÉ;ÉQUIPE RELAIS HANDICAPS RARES;;;;ERHR;14 rue Saint Vincent de Paul - 34090 Montpellier;;;;04 67 02 91 86;https://www.halte-pouce.fr/ressources/Equipe-relais-handicaps-rares
SANTÉ;RÉSEAU MALADIES RARES;;;;VADLR;59, avenue de Fès (Bât C) 34080 Montpellier / Tramway ligne 1 - Malbosc;;;;04.67.57.05.59;https://www.halte-pouce.fr/ressources/RESEAU-MALADIES-RARES-MEDITERRANEE
SANTÉ;CENTRE RESSOURCE AUTISME;;;;CRA;;;;;;http://www.autisme-ressources-lr.fr/
SANTÉ;SEXUALITÉ;;;;APARSA;2 rue Pierre Boissier 34070 MONTPELLIER;;;;04 67 52 41 66;https://www.halte-pouce.fr/ressources/sexualite-handicap-association-aparsa
SANTÉ;MATÉRIELS ADAPTÉS;;;;LÉTAPE;615 Avenue de Montpellier 34970 LATTES;;;;04 67 22 47 40;https://www.halte-pouce.fr/ressources/letape-aides-techniques-et-perte-dautonomie
SANTÉ;AIDANTS;;;;LA PASQUIÈRE;7 Av. du Dr Pezet - 34090 Montpellier;;;;04 67 54 42 30;https://www.halte-pouce.fr/ressources/une-maison-daccueil-des-familles-de-malade-la-pasquiere
SANTÉ;AIDANTS;;;;CLOS DE LA FONTAINE;65 Cours Libéral Bruant, 34080 Montpellier;;;;04 34 11 12 40;https://www.halte-pouce.fr/ressources/le-clos-de-la-fontaine-aide-aux-aidants
SANTÉ;CONSULTATION PSY - LSF;;;;GENEVIÈVE SANCHO;14 rue de la République 34070 Montpellier;;;;;https://www.halte-pouce.fr/ressources/psychologue-clinicienne-et-lsf-genevieve-sancho
ACCUEILS ALTERNATIFS;ÉCOLE & SESSAD PARENTS-THÈSE;;;;;ZAC Clément ADER   20, rue des Frères Lumière - 34830 JACOU;;;;04 67 45 63 02;https://www.halte-pouce.fr/ressources/lecole-et-sessad-parents-these-a-jacou-34-specialisee-dans-les-ted
ACCUEILS ALTERNATIFS;AVENIR DES POSSIBLES;;;;;73, rue Marx Dormoy - 34400 Lunel;;;;06.61.71.73.46;https://www.halte-pouce.fr/ressources/association-avenir-des-possibles-a-lunel-pour-les-autistes-par-les-autistes
ACCUEILS ALTERNATIFS;LES ATELIERS DE BENTENAC;;;;;Route des Cabanes - 34130 Mauguio;;;;04 67 29 52 45;https://www.halte-pouce.fr/ressources/Les-Ateliers-de-Bentenac
ACCUEILS ALTERNATIFS;ÉCOLE AMÉTHYSTE;;;;;371 Avenue de l’Evêché de Maguelone, 34250 Palavas-les-Flots;;;;04 67 07 76 27;https://www.halte-pouce.fr/ressources/lecole-amethyste-une-ecole-privee-atypique-a-palavas-les-flots
ACCUEILS ALTERNATIFS;LES ENFANTS DHÉLÈNE;;;;;;;;;;https://www.halte-pouce.fr/actualites/message-du-cesu-appel-a-la-solidarite-des-particuliers-employeurs
ACCUEILS ALTERNATIFS;COLOCAUTISME;;;;;;;;;06 28 29 40 75;https://www.halte-pouce.fr/ressources/L-association-Col-Oc-Autisme